address,Study_at_home,Drive,Passenger_in_a_car_truck_or_van,Public_transport,Bicycle,Walk_or_jog,Other
Abbey Caves-Glenbervie,10.6,12.6,61.3,23.1,2.4,2.4,2.4
Abbotsford,7.4,10.1,44.1,21.6,4.4,18.2,2.0
Acacia Bay,12.1,6.5,53.3,35.6,3.3,3.3,3.3
Addington East,14.0,23.2,17.4,15.8,8.1,21.0,2.2
Addington West,13.8,17.7,12.0,23.1,6.1,25.5,1.9
Ahipara,6.2,1.6,52.2,27.0,4.8,6.6,1.6
Ahuriri,25.4,15.9,19.8,26.0,14.8,6.5,6.5
Aidanfield,8.6,17.3,49.6,20.1,4.5,10.1,2.6
Aka Aka,11.0,9.8,60.8,24.6,2.3,4.1,2.3
Akaroa,5.2,5.2,37.5,20.8,5.2,39.6,5.2
Akaroa Harbour,14.2,1.9,36.4,42.0,1.9,1.9,1.9
Akatarawa,29.2,6.0,27.7,49.6,6.0,6.0,6.0
Akina Park,11.7,7.2,44.3,11.1,4.9,22.9,2.0
Akoranga,2.1,2.1,5.0,26.6,2.1,59.9,2.1
Albany Central,5.6,12.4,6.3,8.2,1.4,68.0,1.4
Albany Heights,8.2,25.3,41.7,30.2,2.7,7.1,2.7
Albany South,5.8,14.8,32.1,20.6,3.6,26.5,1.6
Albany West,7.0,13.2,23.4,15.8,4.2,37.5,1.3
Albert Town,10.9,3.4,37.0,43.2,4.1,2.8,0.7
Aldinga,10.3,7.4,37.4,7.0,16.5,23.4,1.4
Alexandra North,10.6,1.9,27.3,0.6,13.7,44.7,1.2
Alexandra South,12.3,2.9,38.1,3.2,14.4,28.4,0.8
Alfriston,10.2,12.3,46.2,23.5,3.5,18.5,3.5
Algies Bay-Scotts Landing,13.7,1.5,31.6,48.7,1.5,1.5,1.5
Alicetown-Melling,11.3,5.5,26.1,11.4,1.6,42.4,1.6
Allandale,11.4,4.5,41.2,4.9,4.7,34.7,1.2
Allenton East,9.3,4.5,52.4,10.1,2.5,23.5,2.5
Allenton North,11.3,7.9,51.9,16.5,5.8,28.5,3.5
Allenton South,12.7,3.4,49.4,8.3,2.1,29.0,3.5
Amberley,15.0,5.8,31.8,30.4,9.2,17.9,1.5
Amuri,7.9,2.1,24.4,46.8,2.9,19.1,1.1
Andersons Bay,9.2,12.1,41.1,11.2,2.0,27.5,3.0
Aniseed Valley,12.3,10.0,30.9,48.2,4.4,4.4,4.4
Anselmi Ridge,6.3,4.4,67.8,19.4,1.7,6.9,1.7
Anzac Avenue,10.2,2.4,2.4,13.5,2.4,76.9,2.4
Aokautere,12.6,12.6,43.4,26.8,2.5,2.5,2.5
Aokautere Rural,16.6,15.5,56.8,33.5,6.0,6.0,6.0
Aongatete,14.4,8.5,33.3,46.7,1.0,1.0,1.0
Aorangi Forest,10.2,2.1,38.5,42.8,2.1,2.1,2.1
Aorere Central,8.3,11.4,31.1,14.4,2.5,41.6,2.5
Aorere North,7.0,9.1,35.9,12.6,2.5,32.0,2.5
Aorere South,5.5,10.3,46.0,16.9,2.5,27.3,2.5
Aotea,8.9,8.9,63.6,16.3,3.2,9.9,3.2
Appleby,8.3,12.7,41.9,39.8,4.0,4.0,4.0
Arahiwi,11.1,11.1,11.1,133.3,11.1,11.1,11.1
Arahura-Kumara,23.3,2.6,35.3,42.4,2.6,2.6,2.6
Arakura,11.6,3.7,41.5,24.5,3.6,16.1,1.8
Aranui,9.1,9.7,39.1,19.0,4.0,22.1,2.0
Ararimu,9.7,2.6,56.7,31.2,2.6,4.1,2.6
Arataki North,13.0,6.3,33.9,15.9,19.2,18.5,2.8
Arataki South,14.2,8.9,32.1,13.2,22.6,12.9,2.4
Ardmore,18.9,8.1,45.6,34.6,4.9,4.9,4.9
Aria,9.2,1.1,41.6,31.4,1.1,14.6,1.1
Army Bay,10.5,7.3,46.4,37.6,4.0,7.3,4.0
Aro Valley,5.5,2.7,5.3,11.3,1.9,72.8,2.2
Arrowtown,9.4,4.1,28.9,23.1,11.1,23.0,0.4
Arthur Street,6.4,18.7,7.1,2.8,3.6,61.3,0.7
Arthurs Point,9.3,8.5,47.6,42.0,1.8,1.8,1.8
Arundel,14.2,1.0,25.0,57.0,3.2,1.0,1.0
Ascot Park,10.5,6.7,43.1,10.7,2.2,29.1,2.2
Ashburton East,14.7,1.8,43.7,7.4,1.8,34.3,1.8
Ashburton Forks,6.3,5.4,15.2,67.8,1.9,7.0,1.9
Ashburton North,22.0,7.9,46.6,33.5,5.1,7.9,5.1
Ashburton West,18.6,4.7,30.8,18.8,4.7,35.6,4.7
Ashgrove,8.9,7.8,28.3,6.8,1.7,47.0,1.7
Ashhurst,12.8,9.3,29.8,22.8,6.4,21.9,1.5
Ashley Forest,19.4,4.7,19.4,67.2,4.7,4.7,4.7
Ashley Gorge,18.4,0.6,41.0,38.1,0.6,0.6,0.6
Ashley-Sefton,8.1,8.0,35.7,39.1,5.5,7.2,1.5
Atawhai,12.9,8.3,36.6,33.2,8.9,1.4,1.4
Athenree,7.0,1.1,41.1,54.1,1.1,1.1,1.1
Auckland Airport,8.6,8.6,26.3,60.9,8.6,8.6,8.6
Auckland-University,2.8,2.8,2.8,11.1,2.8,75.0,2.8
Aurora,12.1,9.2,56.5,15.5,3.9,17.3,3.9
Avalon East,12.0,6.7,41.7,20.1,3.3,20.1,3.3
Avalon West,10.1,8.1,52.8,31.7,5.4,13.9,5.4
Avenal,11.4,16.9,39.5,7.3,4.2,21.7,1.8
Aviemore,14.2,4.7,25.3,58.5,4.7,4.7,4.7
Avondale (Christchurch City),10.7,18.0,44.7,27.8,7.0,15.1,4.5
Avondale Central (Auckland),7.9,9.2,16.2,44.0,2.7,20.3,2.7
Avondale North (Auckland),9.4,8.5,28.6,31.7,3.1,23.3,3.1
Avondale Rosebank,10.3,12.7,33.9,24.9,5.1,29.1,3.9
Avondale South (Auckland),7.3,12.1,37.5,31.2,3.1,15.1,3.1
Avondale West (Auckland),7.9,11.0,29.4,22.6,2.7,32.6,2.7
Avonhead East,6.7,16.4,27.4,9.0,10.9,29.7,1.3
Avonhead North,10.0,14.6,29.9,15.4,8.3,29.5,3.9
Avonhead South,7.6,14.6,27.7,10.3,10.1,29.8,1.7
Avonhead West,7.3,16.4,37.1,17.6,5.8,16.1,2.2
Avonside,13.4,23.9,25.5,17.4,3.2,23.6,3.2
Awahuri,13.9,7.0,45.8,30.6,5.4,5.4,2.9
Awapuni North,12.2,15.4,40.6,16.5,6.4,15.3,2.1
Awapuni South,11.8,12.0,32.6,15.1,10.1,22.3,1.5
Awarua Plains,6.5,9.3,12.5,69.1,3.9,3.9,3.9
Awaruku,7.1,11.7,44.9,20.0,1.3,18.5,1.3
Awatea North,10.4,23.9,38.4,30.7,4.5,8.0,4.5
Awatea South,16.8,29.5,39.6,22.8,5.7,5.7,5.7
Awatere,14.6,1.7,27.3,49.4,5.4,4.0,1.7
Awhitu,12.7,3.5,46.5,36.4,1.6,3.5,1.6
Bader,9.9,14.3,36.6,15.9,2.7,23.0,2.7
Balcairn,13.4,3.1,42.9,34.7,1.4,4.8,1.4
Balclutha North,12.2,6.5,68.3,4.3,1.1,8.1,1.1
Balclutha South,9.3,2.1,30.9,5.2,3.7,50.4,0.8
Balmoral,6.1,6.4,18.7,27.9,3.5,38.1,1.9
Banks Peninsula South,8.8,3.4,21.7,46.2,8.8,12.0,0.7
Bankside,14.2,1.9,20.7,56.3,5.3,7.5,1.9
Barrier Islands,24.1,2.7,33.2,32.1,2.7,2.7,2.7
Barrytown,17.2,6.3,29.7,49.4,0.9,0.9,0.9
Bastia-Durie Hill,21.5,5.0,40.5,8.0,8.4,19.5,2.0
Bathgate Park,14.4,15.9,32.3,15.4,4.4,22.1,2.6
Baverstock,6.4,10.3,37.5,21.2,1.9,25.5,1.9
Bay View,10.7,6.9,33.1,49.0,1.3,1.3,1.3
Baypark-Kairua,18.5,3.9,30.2,35.6,3.9,3.9,3.9
Bayswater,5.8,4.6,30.5,27.0,16.2,19.9,1.5
Bayview East,9.7,10.9,34.0,33.6,2.8,17.4,2.8
Bayview South,9.6,12.3,39.1,29.2,2.0,9.5,2.0
Bayview West,12.6,6.7,36.4,29.6,2.9,16.5,2.9
Beach Haven East,7.1,8.9,37.8,28.7,2.5,21.5,2.5
Beach Haven South,10.1,4.3,38.4,27.0,1.9,23.2,1.9
Beach Haven West,10.3,10.3,46.3,36.0,3.7,13.2,3.7
Beckenham,4.6,7.9,17.9,10.6,27.1,30.3,1.5
Beerescourt,15.2,17.1,33.2,20.6,6.8,13.4,3.6
Belfast East,8.5,12.0,39.5,25.1,6.9,15.2,2.0
Belfast West,9.0,11.6,48.7,28.4,6.2,17.2,4.2
Bell Block East,15.2,6.2,53.8,23.7,6.2,9.2,2.9
Bell Block West,11.9,7.1,40.0,14.3,4.2,24.0,1.3
Belleknowes,6.8,13.4,55.0,11.2,1.5,18.0,1.5
Bellevue,8.0,8.5,26.6,7.8,3.8,49.4,1.3
Belmont (Auckland),8.5,3.8,19.2,13.7,5.4,51.5,0.9
Belmont (Lower Hutt City),13.1,8.5,55.0,19.0,3.5,11.0,3.5
Belmont Park,12.1,3.2,37.7,22.9,3.2,22.7,3.2
Ben Cooper Park,12.5,6.3,44.9,13.4,14.0,24.2,2.8
Ben McLeod,11.1,11.1,11.1,133.3,11.1,11.1,11.1
Benhar-Stirling,13.6,1.0,57.0,25.3,1.0,1.0,1.0
Berhampore,10.8,4.5,15.8,26.7,2.9,37.2,2.1
Bethlehem Central,9.4,9.9,49.9,12.8,2.1,17.4,1.1
Bethlehem North,7.0,10.8,51.4,15.4,4.5,11.3,1.5
Bethlehem South,8.7,6.3,59.6,27.4,1.9,1.9,1.9
Bexley,9.4,11.1,41.4,30.9,3.4,12.0,3.4
Birchville-Brown Owl,13.0,6.7,49.9,28.1,4.0,8.8,3.2
Bird Area,11.6,4.9,61.0,10.7,6.9,17.7,2.7
Birdwood West,21.1,6.2,42.0,40.4,6.2,16.7,6.2
Birkdale North,10.8,9.0,38.6,24.4,2.4,23.2,2.4
Birkdale South,7.8,8.6,36.4,24.1,1.8,23.3,1.8
Birkenhead North,9.1,6.9,24.6,31.0,1.9,24.5,1.9
Birkenhead South,6.8,6.0,32.2,35.9,1.5,20.3,1.5
Birkenhead West,7.9,6.7,32.7,31.0,1.4,21.0,1.4
Bishopdale North,9.9,12.5,33.7,11.7,8.9,24.0,3.7
Bishopdale South,7.0,13.4,32.4,18.0,12.9,25.8,2.5
Bishopdale West,12.0,13.2,36.5,15.9,9.9,21.1,2.8
Blagdon-Lynmouth,12.8,5.7,38.3,11.1,5.7,26.5,1.4
Blaketown,16.2,3.2,51.9,13.0,3.2,9.3,3.2
Bledisloe Park,11.7,8.7,27.8,14.9,6.0,33.0,2.1
Blenheim Central,15.3,4.8,46.2,19.3,4.8,4.8,4.8
Blockhouse Bay East,7.3,8.8,28.4,23.7,2.0,30.2,2.0
Blockhouse Bay North,7.1,7.3,35.0,27.5,2.4,23.6,2.4
Blockhouse Bay North East,6.4,9.5,37.3,29.4,3.2,18.3,3.2
Blockhouse Bay South,5.0,10.5,25.3,27.2,2.1,32.0,2.1
Bluff,7.6,5.5,30.5,40.2,5.2,14.9,2.1
Bluff Hill,18.6,7.7,33.2,13.1,8.5,25.6,2.7
Bombay Hills,9.4,4.2,48.2,26.4,0.8,13.2,0.8
Botany Downs East,9.0,8.0,40.3,24.7,4.0,27.6,4.0
Botany Downs West,8.8,13.1,46.0,20.5,2.3,14.0,2.3
Botany East,5.0,6.1,22.6,27.4,1.7,39.1,1.7
Botany Junction,10.0,10.0,10.0,40.0,10.0,10.0,10.0
Botany North,6.4,6.8,21.8,30.1,3.5,32.7,2.3
Botany South,9.4,7.6,31.5,23.7,2.3,28.1,2.3
Boulcott,11.7,3.2,32.0,17.1,5.9,30.6,2.5
Bream Bay,9.9,4.6,24.1,66.9,2.0,2.0,2.0
Bream Head,22.4,6.2,41.9,42.8,3.8,3.8,3.8
Brentwood (Taupo District),15.4,1.7,64.0,12.1,1.7,9.3,1.7
Brentwood (Upper Hutt City),14.0,2.6,30.6,16.7,4.3,35.7,2.6
Bridge Pa,26.1,10.2,15.4,23.0,4.3,29.3,4.3
Brighton,15.4,12.2,41.7,24.4,7.2,14.0,3.0
Brightwater,8.4,6.8,34.1,35.7,11.7,10.4,2.0
Britannia,12.4,14.6,42.7,16.6,3.4,21.8,3.4
Broad Bay-Portobello,11.7,8.4,40.9,17.6,2.4,18.3,2.4
Broadgreen-Monaco,9.7,9.1,15.2,6.6,13.8,43.9,1.7
Broadmeadows,10.5,8.8,44.3,20.5,3.7,27.4,3.7
Brockville,8.3,12.2,46.5,20.1,2.0,17.8,2.0
Broken Run,14.0,43.8,26.0,27.6,6.9,6.9,6.9
Bromley South,10.5,13.0,47.0,18.1,2.8,15.3,4.0
Brookfield East,9.4,10.2,51.7,6.9,3.4,22.7,1.7
Brookfield West,9.3,8.0,50.7,7.1,6.7,20.6,1.5
Brookhaven-Ferrymead,12.2,10.2,45.3,25.5,3.8,3.8,3.8
Brooklands-Spencerville,17.2,29.8,42.4,38.4,8.0,8.0,8.0
Brooklyn East,9.9,6.0,13.0,18.5,1.9,48.7,1.9
Brooklyn North,8.1,5.9,23.5,25.0,2.6,40.5,2.6
Brooklyn South,10.0,3.5,27.3,28.8,1.7,30.7,1.7
Brookvale,7.5,4.6,36.2,11.1,12.5,41.4,2.8
Broomfield,7.3,17.8,53.8,18.4,3.4,14.7,3.4
Browns Bay Central,11.1,9.1,41.3,33.6,2.9,4.8,2.9
Browns Bay South East,8.1,12.2,37.5,21.1,1.6,20.4,1.6
Browns Bay South West,6.6,11.0,39.7,28.2,1.7,16.2,1.7
Bruce,8.6,7.7,32.6,44.2,1.9,9.0,1.9
Brunswick-Papaiti,13.0,7.8,65.6,22.2,3.6,3.6,3.6
Bryndwr North,9.7,10.9,24.9,13.0,12.7,28.1,2.1
Bryndwr South,6.6,12.9,30.1,11.8,17.3,22.1,4.1
Buckland,8.7,9.9,51.3,20.8,2.2,15.4,2.2
Bucklands Beach Central,6.1,3.7,15.8,19.1,1.1,56.8,1.1
Bucklands Beach North,5.3,7.7,37.2,27.6,1.0,21.6,1.0
Bucklands Beach South,5.2,7.6,20.0,16.9,1.3,52.1,1.3
Bucklands Crossing,9.9,12.4,48.3,21.3,7.3,12.5,3.9
Buller Coalfields,19.2,1.0,27.9,49.0,1.0,1.0,1.0
Bulls,15.5,7.7,30.5,22.1,7.2,18.9,1.4
Burbank,3.7,6.4,42.1,13.5,2.4,33.7,2.4
Burnham Camp,34.8,5.6,24.1,18.7,10.7,8.9,2.3
Burnside,6.1,12.0,27.3,11.0,11.1,32.1,2.4
Burnside Park,6.1,15.4,32.1,11.3,18.2,25.5,2.0
Burswood,17.4,13.2,58.5,43.4,8.4,8.4,8.4
Burwood,10.3,12.2,37.2,26.8,13.4,6.8,3.8
Bush Inn,2.3,8.3,5.3,5.0,10.1,67.7,2.6
Bush Road,7.1,10.2,52.2,10.1,2.1,22.2,3.6
Cairnbrae,6.8,4.5,30.6,55.4,4.8,0.9,0.9
Calton Hill,11.4,19.5,59.3,24.2,4.8,4.8,4.8
Camberley,6.3,5.2,35.1,13.8,5.2,34.4,2.2
Camborne,10.2,6.6,49.0,20.2,5.8,13.7,3.9
Cambridge Central,3.0,12.9,48.0,12.0,3.0,18.1,3.0
Cambridge East,10.5,9.7,29.9,7.1,8.8,41.6,1.8
Cambridge North,5.5,8.5,44.0,4.2,9.3,32.5,1.1
Cambridge Park-River Garden,12.2,10.7,56.1,21.8,12.4,3.6,3.6
Cambridge West,8.2,11.5,43.7,7.7,10.2,22.4,1.9
Cameron and Soldiers Park,17.2,4.9,42.7,7.1,10.5,19.2,1.8
Campbells Bay,4.8,7.6,28.6,44.4,2.6,13.5,1.3
Campus North,0.7,1.2,0.3,1.2,1.1,96.6,0.3
Campus South,1.3,0.9,0.3,1.1,0.3,97.5,0.9
Campus West,1.3,2.4,0.5,1.8,1.6,95.2,1.2
Cannons Creek East,5.5,8.1,38.8,18.3,2.1,26.8,2.1
Cannons Creek North,7.4,5.8,45.4,14.1,1.9,24.6,1.9
Cannons Creek South,10.1,8.6,46.5,13.6,2.5,17.5,2.5
Cape Egmont,7.8,0.9,23.4,61.5,0.9,4.5,0.9
Cape Hill,8.1,7.6,65.0,17.5,3.1,16.6,3.1
Cape Rodney,11.7,4.6,33.9,46.8,0.7,3.3,0.7
Cape Runaway,18.9,8.4,16.2,52.0,2.6,5.9,2.6
Cardrona,1.4,1.4,30.8,62.0,1.4,1.4,1.4
Carterton North,10.4,3.9,40.7,27.4,5.4,10.4,1.7
Carterton South,11.6,4.8,38.1,27.8,8.8,12.9,2.1
Casebrook,7.7,12.9,42.2,15.3,12.2,16.2,2.4
Cashmere East,8.5,12.2,30.7,9.9,12.7,26.6,1.5
Cashmere West,7.7,10.3,30.4,11.4,9.7,33.2,1.7
Castlecliff East,11.3,10.0,47.7,21.2,3.0,12.5,3.0
Castlecliff West,16.8,14.3,55.1,14.4,9.3,3.6,3.6
Castor Bay,5.6,9.8,30.7,34.4,5.6,12.7,1.1
Catlins,10.2,0.2,33.3,42.3,3.5,10.2,0.2
Caversham,9.9,13.6,27.2,18.7,2.1,29.9,2.1
Centennial Crescent,8.4,14.0,35.2,11.8,2.2,29.4,2.2
Chapel Downs,5.9,12.7,50.1,28.0,3.2,9.7,3.2
Charing Cross,12.3,11.4,35.2,52.2,2.0,2.0,2.0
Charleston (Buller District),20.9,3.1,11.1,75.6,3.1,3.1,3.1
Charleston (Christchurch City),14.3,20.7,24.6,18.6,4.7,23.4,4.7
Chartwell,8.6,14.5,28.9,20.9,2.6,23.6,2.6
Chatham Islands,17.9,2.4,10.7,53.6,2.4,10.7,2.4
Chatswood,5.6,11.3,28.0,41.2,1.5,15.1,1.5
Chedworth,12.4,15.9,41.9,15.3,7.9,12.3,2.5
Cheltenham,6.9,3.9,22.1,42.5,14.9,14.3,1.5
Chertsey,10.3,3.4,16.0,57.8,1.6,9.2,1.6
Christchurch Airport,11.1,11.1,11.1,44.4,11.1,100.0,11.1
Christchurch Central-East,15.6,19.1,2.7,10.9,10.1,38.8,2.7
Christchurch Central-North,16.1,29.2,16.5,20.0,12.2,11.5,3.0
Christchurch Central-South,5.5,1.0,1.0,4.2,1.0,86.1,1.0
Christchurch Central-West,20.0,16.9,15.8,14.2,16.5,26.9,3.5
Churton Park North,7.3,7.4,32.7,39.6,3.5,12.8,1.7
Churton Park South,8.4,6.4,40.3,30.3,1.4,15.7,1.4
Clarks Beach,5.2,1.1,25.9,64.7,1.1,1.1,1.1
Clarkville,8.7,11.3,58.8,15.7,3.3,5.9,3.3
Claudelands,10.5,15.6,25.4,11.3,7.3,30.3,1.9
Clearwater,8.3,25.5,56.3,33.3,8.3,8.3,8.3
Clendon Park East,7.9,7.6,36.3,17.3,3.3,27.8,3.3
Clendon Park North,8.7,7.7,45.3,24.5,3.8,19.8,3.8
Clendon Park West,8.8,7.1,47.6,24.1,2.9,17.6,2.9
Clevedon,9.7,8.5,36.4,25.8,2.2,18.6,2.2
Clifton,9.8,13.9,62.3,20.6,3.2,3.2,3.2
Clifton Hill,10.8,12.7,36.2,28.6,2.7,6.4,2.7
Clinton,8.6,1.3,25.3,56.8,1.3,5.6,1.3
Clive,9.7,7.7,39.3,41.7,11.3,6.5,3.4
Clouston Park,12.2,7.1,53.2,25.1,4.0,6.3,4.0
Clover Park North,5.3,10.8,45.8,16.1,2.4,21.9,2.4
Clover Park South,8.3,10.3,30.0,21.7,2.6,30.2,2.6
Cloverlea (Auckland),11.1,4.5,43.7,11.5,2.3,32.6,2.3
Cloverlea (Palmerston North City),13.0,10.5,44.1,17.3,3.9,15.5,3.9
Clutha Valley,3.7,0.1,30.5,64.6,0.1,1.9,0.1
Clyde,7.6,4.8,22.2,29.7,22.8,11.9,1.1
Coastlands,12.0,1.7,55.6,22.2,3.6,3.1,1.7
Coatesville,7.6,10.2,46.0,32.4,1.5,1.5,1.5
Cobden,10.0,4.5,53.3,17.8,0.9,15.3,0.9
Cockle Bay,6.0,7.4,34.7,26.0,3.5,29.0,2.3
College Estate,13.2,4.6,24.0,8.5,2.1,48.9,6.6
Colville,14.2,0.3,37.5,40.3,0.3,7.2,0.3
Concord,13.3,16.3,58.5,26.9,4.7,9.0,4.7
Conifer Grove East,10.8,8.1,44.9,24.4,2.5,16.2,2.5
Conifer Grove West,11.1,9.8,25.7,32.7,3.2,19.0,1.6
Cooks Beach-Ferry Landing,1.5,1.5,25.7,66.9,1.5,1.5,1.5
Cornmarket,29.6,10.5,5.0,19.9,5.0,34.4,5.0
Cornwall Park,13.0,10.3,40.1,12.2,8.5,19.3,2.4
Coromandel,13.8,2.7,48.6,28.8,6.4,21.2,2.7
Corstorphine,12.1,11.1,60.4,19.7,3.5,5.4,3.5
Courtenay,20.6,4.7,4.7,22.7,4.7,66.5,4.7
Craigieburn,11.1,11.1,11.1,133.3,11.1,11.1,11.1
Crawshaw,10.6,12.7,40.4,19.6,3.5,21.8,3.5
Crinan,10.4,12.9,23.2,10.1,4.8,41.6,2.5
Crofton Downs,12.5,4.6,29.2,23.2,4.6,22.9,4.6
Cromwell East,13.0,4.1,30.1,0.0,17.1,35.8,0.0
Cromwell West,8.8,5.6,29.0,1.3,27.8,27.2,0.3
Daelyn,13.6,6.0,32.3,7.6,7.4,31.1,1.9
Dairy Flat North,15.2,7.9,33.4,40.3,2.8,2.8,2.8
Dairy Flat South,8.9,18.2,42.3,37.5,4.0,4.0,4.0
Dairy Flat West,14.3,11.3,41.0,45.0,4.7,4.7,4.7
Dallington,9.8,13.8,36.8,20.7,3.6,28.0,3.6
Dannemora North,5.8,11.2,28.5,30.8,2.8,27.7,2.8
Dannemora South,6.5,9.1,34.1,23.3,2.4,22.9,1.6
Dannevirke East,12.4,2.3,43.1,9.6,1.1,31.6,1.1
Dannevirke West,14.0,6.7,38.8,7.6,3.3,33.9,1.5
Danseys Pass,14.3,2.0,18.0,58.8,2.0,8.6,2.0
Darfield,12.6,6.5,34.3,6.1,7.7,34.9,0.9
Dargaville,12.1,3.7,44.9,7.5,2.9,29.7,1.5
Deans Bush,5.3,10.2,16.5,7.8,16.5,41.0,2.6
Deanwell,8.1,12.6,26.3,10.2,3.8,37.3,1.6
Delaney,11.0,3.1,39.1,34.8,3.1,12.5,3.1
Devonport,6.7,4.4,17.0,41.2,10.7,19.8,1.4
Diamond Harbour,14.7,6.3,20.9,30.2,4.8,23.3,1.1
Dingwall,4.7,11.3,43.6,17.5,1.7,22.5,1.7
Dinsdale North,9.1,13.7,36.7,13.4,4.2,24.8,1.4
Dinsdale South,10.3,16.4,48.5,19.5,3.7,7.1,2.4
Dixon Street,5.6,1.0,0.5,9.7,0.5,81.5,1.2
Dobson,14.0,8.8,19.3,60.5,0.9,6.1,0.9
Dome Valley-Matakana,8.8,1.3,36.0,47.3,1.3,5.1,1.3
Doncaster,7.4,4.6,31.9,13.3,12.6,33.0,1.3
Donegal Park,8.8,15.6,51.0,25.2,3.3,7.7,3.3
Donnelly Park,22.6,3.3,45.2,13.4,3.3,24.3,3.3
Donovan Park,11.8,13.1,65.2,16.4,7.1,5.7,4.1
Douglas,12.0,1.8,33.3,57.9,1.8,1.8,1.8
Douglas Park,9.7,6.0,45.2,8.5,4.5,29.8,1.2
Drury,9.4,5.5,40.7,21.3,1.9,23.4,1.9
Drury Rural,8.5,11.3,45.5,42.6,2.9,2.9,2.9
Dunedin Central,3.9,7.2,1.6,3.2,2.9,79.9,1.6
Dunstan-Galloway,12.8,5.9,50.2,45.8,3.2,3.2,3.2
Ealing-Lowcliffe,8.4,9.1,17.9,65.2,3.2,9.2,3.2
Earnscleugh,12.1,7.7,44.1,41.7,1.9,1.9,1.9
Easby Park,9.0,6.1,25.0,7.9,6.0,49.6,1.6
East Cape,5.2,0.8,23.3,57.3,0.8,11.9,0.8
East Gore,6.3,6.3,63.9,7.3,9.1,11.9,0.8
East Taieri,8.8,11.3,54.7,12.9,6.4,9.3,1.7
East Tamaki Heights,6.3,11.6,32.9,31.1,2.3,24.5,2.3
Eastbourne,9.0,7.0,23.1,24.9,13.9,22.9,1.7
Eastern Bays,10.9,3.7,39.3,42.6,2.2,2.2,2.2
Eastern Bays-Banks Peninsula,18.7,3.5,25.2,42.0,3.5,3.5,3.5
Eastern Beach,5.4,6.9,23.6,17.5,1.0,47.1,1.0
Ebdentown,14.1,3.2,40.3,17.2,6.1,23.7,3.2
Eden Park,9.5,6.1,23.1,35.0,2.9,24.4,2.9
Eden Terrace,13.0,5.1,4.2,23.5,5.1,47.7,3.0
Eden Valley,8.2,5.5,20.8,28.0,2.3,32.9,2.3
Edendale-Woodlands,8.7,7.4,16.6,57.6,1.6,8.0,1.6
Edgecumbe,7.5,3.2,42.4,24.0,1.2,26.0,1.2
Edgeware,13.7,24.5,25.8,19.6,9.3,10.7,3.0
Egmont Showgrounds,19.6,5.0,52.3,10.7,2.7,18.2,2.7
Eiffelton,7.4,5.5,34.0,56.8,2.6,3.8,2.6
Elderslea,10.8,3.9,43.6,13.1,2.8,29.9,2.8
Elgin,13.6,13.4,46.1,11.3,2.8,22.5,2.8
Elizabeth Park,9.2,14.9,45.0,12.1,5.9,17.7,3.0
Ellerslie Central,8.1,7.2,27.1,32.2,2.6,27.7,2.6
Ellerslie East,10.1,5.1,44.1,31.4,2.6,14.0,2.6
Ellerslie South,8.9,6.3,34.6,23.8,1.7,24.6,1.7
Elsdon-Takapuwahia,8.1,8.6,40.0,14.3,1.9,27.2,1.9
Eltham,15.6,2.1,46.9,30.1,4.2,15.6,2.1
Endeavour,7.7,5.4,52.3,22.7,3.6,6.5,1.8
Enderley North,9.4,22.1,32.6,18.8,3.2,21.9,3.2
Enderley South,11.6,12.6,33.4,25.8,3.9,13.6,3.9
Enner Glynn,10.8,11.9,36.5,7.3,12.3,19.3,1.8
Ensors,10.6,14.1,35.9,19.2,12.8,18.5,3.3
Epsom Central-North,3.1,6.2,15.9,35.6,2.7,36.5,1.6
Epsom Central-South,5.2,5.4,27.8,41.2,3.5,16.4,1.2
Epsom East,7.9,7.1,25.8,43.2,2.3,13.7,2.3
Epsom North,5.5,3.4,14.1,24.9,3.0,50.0,2.0
Epsom South,8.3,7.0,27.8,51.1,3.9,14.3,3.9
Epuni East,14.6,5.5,44.7,17.2,3.4,19.1,3.4
Epuni West,10.3,7.4,44.6,11.9,2.7,22.2,2.7
Esplanade,8.9,22.2,14.0,29.9,5.0,19.9,0.7
Eureka-Tauwhare,8.5,9.5,46.1,31.6,3.0,5.5,1.8
Evans Bay,12.9,8.4,24.0,33.3,5.1,26.9,5.1
Everett Park,13.3,6.0,49.2,31.4,1.9,3.1,1.9
Eyrewell,10.9,6.7,32.9,59.6,2.6,2.6,2.6
Fairfield (Dunedin City),6.3,13.7,46.9,18.8,5.1,14.0,2.3
Fairfield (Hamilton City),11.8,15.2,37.9,13.8,4.3,20.7,2.1
Fairfield (Horowhenua District),13.5,3.6,42.0,14.4,8.4,32.0,3.6
Fairlie,8.8,0.0,26.5,8.8,14.7,44.1,0.0
Fairose,8.4,8.7,49.8,14.1,11.2,15.3,3.5
Fairview,11.2,4.2,25.8,47.4,1.9,7.6,1.9
Fairview Downs,12.5,22.6,42.3,18.5,6.0,4.2,2.8
Fairview Heights,7.1,21.0,45.7,23.7,1.9,4.5,1.9
Fairy Springs,17.0,12.0,45.5,12.1,3.0,18.6,3.0
Farm Cove,4.5,5.9,24.0,16.7,1.2,46.4,1.2
Favona East,9.8,10.6,36.9,24.0,3.2,19.5,3.2
Favona North,7.6,12.5,36.2,32.1,4.5,15.9,4.5
Favona West,6.1,10.6,43.6,28.8,4.0,14.6,4.0
Featherston,16.4,3.5,31.9,28.3,5.3,16.4,0.9
Feilding Central,7.7,2.8,52.2,11.2,2.8,20.5,2.8
Fencourt,12.5,2.3,38.2,30.7,7.8,8.4,2.3
Fendalton,6.3,11.9,25.3,9.1,22.5,23.1,1.8
Fenton Park,12.9,8.1,38.1,38.2,4.6,8.3,4.6
Ferguson,8.6,6.1,39.6,16.1,3.3,30.7,3.3
Ferndale,17.6,3.4,44.1,13.4,8.8,19.4,3.4
Fernhill,12.0,19.2,17.0,22.1,4.6,32.2,3.0
Fernside,8.0,13.7,44.7,33.5,1.8,1.8,1.8
Fitzroy,10.2,15.2,48.4,16.9,4.5,6.1,1.8
Fitzroy-Glen Avon,10.2,5.6,32.6,13.8,10.0,29.0,1.2
Flagstaff East,8.5,14.9,37.6,18.4,15.5,13.8,3.5
Flagstaff North,9.0,13.5,56.8,13.0,13.4,4.2,2.2
Flagstaff South,8.5,16.7,60.7,22.2,11.3,5.8,4.6
Flaxmere Park,11.3,10.5,46.1,12.9,1.9,23.2,1.9
Flaxmere South,11.3,5.5,39.1,18.4,2.5,30.4,2.5
Flaxmere West,8.3,8.9,48.2,15.2,2.2,15.0,2.2
Forbury,11.9,15.6,16.2,18.0,6.4,33.3,2.6
Fordlands,11.0,8.6,42.6,15.0,3.0,20.9,3.0
Forest Lake (Hamilton City),11.1,16.9,30.0,18.1,2.8,22.0,2.8
Forest Lakes (Kapiti Coast District),17.1,5.5,48.4,22.0,5.5,16.0,5.5
Forrest Hill East,6.5,9.5,26.5,34.4,3.7,20.2,1.6
Forrest Hill North,7.4,7.5,30.4,41.0,3.6,9.4,1.8
Forrest Hill West,6.7,8.9,15.3,33.6,1.3,34.9,1.3
Foxton Beach,16.9,1.4,39.3,21.6,11.5,15.1,1.4
Foxton North,19.2,5.5,42.1,10.5,2.6,34.4,2.6
Foxton South,14.1,1.5,43.1,8.7,4.1,31.1,1.5
Frankleigh Park,13.1,5.3,48.4,15.9,8.0,14.6,1.8
Frankton,13.7,3.1,30.2,5.2,7.4,39.8,0.7
Frankton Arm,24.9,4.1,49.8,32.2,4.1,4.1,4.1
Frankton Junction,5.8,26.8,16.3,23.2,5.8,16.3,5.8
Fraser Park,14.5,6.3,37.0,9.0,4.8,32.8,2.2
Fraser Street,10.4,6.2,48.7,20.6,3.2,15.7,3.2
Frasertown-Ruakituri,18.1,1.9,19.1,51.9,1.9,5.1,1.9
Freemans Bay,12.0,6.1,14.0,28.9,3.2,35.3,2.3
Frimley,11.8,5.9,42.4,4.8,12.2,22.6,0.9
Fruitvale,12.6,10.4,36.9,32.3,4.0,13.1,4.0
Galatea,31.7,1.3,25.3,35.2,1.3,3.8,1.3
Gardens (Dunedin City),0.9,2.1,0.2,0.8,2.0,93.1,0.9
Gate Pa,12.0,14.1,50.9,11.7,6.0,13.2,2.1
Georgetown,10.5,17.2,40.2,11.1,8.0,23.8,2.8
Geraldine,10.5,1.8,30.6,6.6,11.2,38.7,0.7
Gisborne Central,33.3,7.9,46.0,31.7,7.9,7.9,7.9
Gladstone (Carterton District),14.0,7.1,20.5,49.7,2.9,2.9,2.9
Gladstone (Invercargill City),9.8,12.1,36.8,8.2,7.7,29.2,1.6
Glamorgan,8.8,8.8,35.4,23.7,1.3,23.0,1.3
Glen Eden Central,9.6,6.7,45.5,27.4,2.8,13.4,2.8
Glen Eden North,6.8,11.3,37.0,34.4,3.0,16.3,3.0
Glen Eden Rosier,10.0,9.4,49.7,33.7,3.6,4.6,3.6
Glen Eden West,10.1,8.1,46.9,31.0,3.8,5.3,3.0
Glen Eden Woodglen,10.3,8.1,47.8,28.3,2.1,9.3,2.1
Glen Innes East-Wai O Taiki Bay,4.3,7.6,34.2,22.2,2.4,34.4,2.4
Glen Innes West,6.3,8.9,39.0,24.2,2.9,27.1,2.9
Glen Warren,13.0,1.2,36.5,7.5,7.6,32.9,1.2
Glenavon,7.8,12.9,35.9,25.1,3.6,18.1,3.6
Glenbrook,10.5,4.2,52.5,37.1,2.6,2.6,2.6
Glendale,7.5,5.6,55.8,21.2,2.4,14.9,2.4
Glendene North,7.7,9.0,44.0,34.2,3.2,9.0,3.2
Glendene South,10.3,12.9,44.3,35.3,4.9,14.3,4.9
Glendowie North,4.0,3.6,21.8,17.3,3.2,49.8,0.9
Glendowie South,4.5,5.4,31.5,18.9,2.5,42.2,1.4
Glenfield Central,9.9,11.6,21.9,38.8,1.9,17.3,1.9
Glenfield East,9.1,9.7,26.0,31.3,2.4,23.1,2.4
Glenfield North,8.3,14.3,30.7,40.2,2.8,14.2,2.8
Glenfield South West,8.7,11.0,36.9,27.2,2.0,18.9,2.0
Glenfield West,9.1,9.8,29.0,36.4,2.7,12.4,2.7
Glengarry,10.6,12.9,46.3,10.2,2.1,17.8,2.1
Glenholme North,11.9,15.2,21.7,14.3,2.7,34.2,2.7
Glenholme South,10.9,11.5,41.1,14.6,7.8,20.2,2.9
Gleniti North,8.2,3.5,52.0,25.1,9.6,14.1,3.5
Gleniti South,11.1,5.3,40.0,15.2,12.6,20.7,3.9
Glenleith,7.8,16.2,44.1,16.7,4.7,26.7,3.1
Glenorchy,23.8,6.5,6.5,55.1,16.7,6.5,6.5
Glenroy-Hororata,9.0,3.3,19.2,69.2,0.7,0.7,0.7
Glentunnel,10.5,1.0,33.7,51.7,1.0,1.0,1.0
Glenview,8.1,14.4,32.3,16.6,5.3,26.0,2.1
Glenwood,13.8,4.3,44.5,17.3,9.6,17.0,4.3
Golden Bay/Mohua,12.3,0.7,23.2,54.2,3.7,5.1,0.7
Golden Downs,14.2,4.1,12.0,54.3,6.6,10.9,1.2
Golden Springs,9.3,2.5,35.5,46.8,0.8,6.3,0.8
Golflands,10.4,10.7,31.7,35.4,8.1,8.1,4.6
Gonville North,13.4,8.0,37.4,6.7,3.3,33.6,1.7
Gonville South,16.3,6.3,45.6,11.0,6.6,15.6,2.4
Gonville West,24.0,4.2,44.7,16.7,4.2,7.1,4.2
Goodfellow Park,11.5,7.0,37.3,10.9,1.9,29.6,1.9
Goodwood Heights,9.9,11.8,33.6,34.9,2.7,12.7,2.7
Gore Central,10.0,10.0,10.0,40.0,10.0,10.0,10.0
Gore Main,7.8,2.2,29.2,9.0,8.5,41.1,2.2
Gore North,9.0,5.8,49.9,5.2,8.2,20.6,1.3
Gore South,10.1,3.8,60.4,15.4,3.8,22.6,3.8
Gore West,7.0,6.3,36.3,2.8,5.7,41.2,0.7
Governors Bay,9.4,7.6,23.5,26.4,1.4,34.4,1.4
Gracefield,10.0,10.0,10.0,40.0,10.0,10.0,10.0
Grafton,6.3,3.4,6.6,11.6,1.6,75.8,1.6
Grampians,11.3,9.7,35.4,7.8,8.6,30.9,1.9
Granfield Reserve,13.0,7.1,45.6,14.0,2.1,25.8,2.1
Grange,9.0,8.9,33.4,20.4,3.4,21.5,3.4
Green Bay North,8.1,3.4,39.8,17.0,3.4,33.1,3.4
Green Bay South,8.7,8.4,28.8,23.8,3.4,39.3,3.4
Green Island,9.5,13.3,50.3,21.7,2.3,13.6,2.3
Greenhithe East,4.8,11.1,36.8,32.0,1.3,15.9,1.3
Greenhithe South,8.6,12.8,46.4,36.3,2.6,4.0,2.6
Greenhithe West,5.4,8.3,20.9,46.7,0.9,16.9,0.9
Greenlane North,5.6,6.2,19.1,44.8,2.5,21.2,1.5
Greenlane South,9.6,7.3,32.2,31.8,3.0,18.5,3.0
Greenmeadows Central,14.8,13.0,27.6,18.0,15.9,11.9,2.9
Greenmeadows South,9.8,12.8,40.7,10.5,5.4,19.3,1.4
Greenmeadows West,11.0,7.4,55.0,32.6,10.2,3.9,3.9
Greensboro,2.7,14.5,6.6,6.0,1.8,67.7,1.2
Greerton North,12.1,13.6,32.0,13.2,7.2,23.2,1.8
Greerton South,4.4,4.4,54.0,23.8,4.4,4.4,4.4
Grenada North,10.5,4.9,33.5,11.3,2.4,36.3,2.4
Grenada Village,9.2,7.1,69.3,23.8,3.5,3.5,3.5
Grey Lynn Central,13.4,8.3,20.4,31.6,7.6,30.3,4.5
Grey Lynn East,15.5,9.5,5.2,26.8,5.1,38.4,2.4
Grey Lynn North,8.4,5.4,20.8,23.4,7.9,37.6,3.6
Grey Lynn West,8.4,4.1,19.6,25.6,7.8,32.5,2.0
Greymouth Central,16.7,10.0,16.7,4.4,1.1,50.0,1.1
Greymouth Rural,22.0,4.2,48.9,38.9,4.2,4.2,4.2
Greytown,11.3,3.3,34.6,12.9,16.0,23.0,1.2
Grove Bush,14.2,4.9,30.3,46.6,2.3,2.3,2.3
Gulf Harbour North,9.8,6.1,38.8,35.7,2.9,15.3,1.9
Gulf Harbour South,8.6,5.9,47.3,33.0,2.5,10.3,2.5
Haast,4.4,4.4,4.4,73.3,4.4,4.4,4.4
Hadlow,9.4,8.5,43.0,50.6,3.9,3.9,3.9
Hagley Park,10.0,10.0,10.0,40.0,10.0,10.0,10.0
Hairini,12.9,11.5,38.7,26.9,11.5,3.8,2.0
Hakataramea,16.5,4.2,4.2,76.5,4.2,4.2,4.2
Half Moon Bay North East,4.9,8.2,22.4,15.0,1.6,50.8,1.6
Half Moon Bay South East,5.3,6.4,32.8,20.3,3.0,40.2,2.1
Half Moon Bay West,6.5,8.3,37.9,16.5,4.2,29.6,1.5
Halfway Bush,10.1,16.3,55.1,15.3,2.6,6.4,2.6
Halkett,9.0,13.3,34.3,44.3,3.7,3.7,3.7
Halswell North,8.6,14.7,52.4,22.2,5.8,6.5,5.8
Halswell South,9.6,13.6,36.1,23.9,5.5,21.0,3.2
Halswell West,12.9,19.4,53.6,12.3,2.5,4.8,2.5
Hamilton Central,6.9,7.6,2.3,12.7,2.3,65.9,2.3
Hamilton East,9.1,17.2,39.1,11.2,7.8,17.9,1.9
Hamilton East Cook,7.4,17.9,16.1,11.8,5.4,37.8,3.6
Hamilton East Village,8.7,22.8,16.2,15.3,4.3,30.9,1.9
Hamilton Estate,10.4,3.5,59.1,9.0,4.3,20.6,1.9
Hamilton Lake,10.0,16.9,28.1,16.4,4.4,25.9,2.3
Hamilton Park,12.5,12.2,56.9,22.9,3.0,3.0,3.0
Hamilton West,13.1,20.5,16.1,11.9,4.6,39.9,2.2
Hampstead,9.8,5.0,48.6,7.9,7.3,29.7,2.0
Hamurana,9.1,7.3,17.6,68.3,3.0,3.0,3.0
Hangaroa,10.6,8.9,38.5,46.7,3.0,6.0,3.0
Hangatiki,10.0,0.6,45.7,41.8,0.6,0.6,0.6
Hanmer Range,5.1,5.1,54.5,20.2,5.1,5.1,5.1
Hanmer Springs,5.3,1.1,30.3,34.2,15.3,12.8,1.1
Harania North,6.4,5.5,44.9,22.6,3.0,26.8,3.0
Harania South,8.7,8.3,32.6,19.0,2.5,28.2,2.5
Harbourside,4.4,4.4,4.4,17.8,4.4,60.0,4.4
Harewood,13.2,18.9,42.8,23.0,9.3,5.7,5.7
Hargest,9.9,5.7,34.7,4.7,4.4,40.8,1.2
Haruru,21.3,2.2,34.3,49.7,2.2,2.2,2.2
Hastings Central,31.2,7.6,7.6,30.6,7.6,7.6,7.6
Hataitai North,7.6,6.4,16.0,27.2,2.4,37.5,3.0
Hataitai South,14.5,4.4,13.2,20.0,2.6,43.7,2.6
Hatfields Beach,12.9,6.9,60.6,24.2,4.8,5.9,2.8
Haumoana-Te Awanga,16.0,8.5,26.6,62.1,4.7,4.7,4.7
Hauraki,6.9,6.1,23.4,18.0,9.3,36.6,1.4
Hauraki Plains East,11.2,0.8,43.9,32.9,0.8,9.6,0.8
Hauraki Plains North,7.6,1.0,45.0,50.1,1.0,1.0,1.0
Hauraki Plains South,8.0,1.1,46.7,36.3,1.1,9.0,1.1
Hautapu,13.1,12.2,42.9,21.6,9.9,25.6,5.4
Hautapu Rural,25.8,3.6,59.1,14.4,3.6,3.6,3.6
Havelock Hills,11.1,5.4,65.7,7.8,5.4,9.8,2.0
Havelock North-Central,4.1,4.1,29.1,16.4,4.1,38.2,4.1
Hawera Central,14.8,1.1,48.3,4.5,2.7,32.7,1.1
Hawthornden,9.9,17.0,30.2,16.4,9.8,18.8,2.4
Heathcote Valley,9.0,12.4,37.7,21.7,6.7,15.0,4.4
Hedgehope,10.4,5.9,31.0,50.2,2.2,2.2,2.2
Hei Hei,7.9,11.1,33.4,17.3,3.5,28.7,2.0
Helensburgh,10.8,16.4,50.3,19.1,3.8,16.8,3.8
Helensville,10.0,5.0,40.7,8.4,1.8,40.3,1.8
Helensville Rural,11.5,5.8,58.7,28.0,3.7,3.7,3.7
Henderson Central,23.1,6.4,25.3,25.8,6.4,6.4,6.4
Henderson East,9.4,9.9,35.6,34.0,3.8,13.3,3.8
Henderson Larnoch,8.1,10.3,35.9,19.0,2.8,26.6,2.8
Henderson Lincoln East,3.7,3.7,3.7,14.8,3.7,66.7,3.7
Henderson Lincoln South,9.8,10.8,21.8,20.9,3.2,35.9,3.2
Henderson Lincoln West,9.6,10.6,33.5,18.9,2.9,31.4,2.9
Henderson North,8.7,6.4,28.1,24.0,2.5,30.7,2.5
Henderson North East,10.1,12.8,37.7,29.3,4.2,14.8,4.2
Henderson Valley,11.0,5.9,48.3,30.6,3.0,5.3,3.0
Henderson Valley Park,11.4,6.7,54.3,22.7,3.8,21.1,3.8
Herangi,10.8,0.8,18.3,57.5,0.8,10.8,0.8
Herekino-Takahue,10.4,1.6,39.2,43.8,1.6,1.6,1.6
Heretaunga,14.6,4.4,32.2,22.3,5.7,27.0,3.2
Hereworth,9.1,5.8,42.4,7.3,3.7,32.3,2.1
Herne Bay,6.3,5.4,16.2,40.4,3.6,28.5,1.9
Hexton,12.3,10.3,58.1,19.3,3.0,2.3,1.5
Highbury East,10.1,7.8,38.3,17.6,2.1,25.7,2.1
Highfield North,14.1,7.0,38.7,9.5,9.7,28.9,2.4
Highfield South,12.5,3.7,35.2,14.9,14.6,26.2,3.7
Highland Park (Auckland),9.4,9.1,40.0,26.8,2.9,21.4,2.9
Highlands Park (New Plymouth District),10.1,6.5,62.0,10.2,9.1,10.5,2.1
Hikuai,50.0,0.0,50.0,0.0,0.0,0.0,0.0
Hikurangi,8.3,7.1,43.7,21.4,6.2,19.9,2.0
Hillcrest (Rotorua District),10.2,10.7,46.0,11.7,2.9,24.6,2.9
Hillcrest East (Auckland),7.8,7.9,26.2,30.2,3.0,25.5,1.9
Hillcrest East (Hamilton City),3.6,12.8,12.8,3.4,4.7,62.2,0.5
Hillcrest North (Auckland),6.2,10.1,30.1,25.5,1.6,26.2,1.6
Hillcrest West (Auckland),7.5,7.8,33.5,34.5,2.5,19.8,2.5
Hillcrest West (Hamilton City),5.3,13.0,18.6,7.5,7.0,50.9,1.2
Hillmorton,12.9,17.2,38.2,13.7,6.0,19.0,2.2
Hillpark North,13.4,14.6,23.9,30.5,3.9,24.8,3.9
Hillpark South,10.7,10.3,39.8,19.6,3.0,23.0,3.0
Hillsborough (Christchurch City),11.4,12.2,29.9,20.3,20.8,15.0,2.5
Hillsborough East (Auckland),6.7,4.9,22.2,29.3,2.2,34.8,2.2
Hillsborough North (Auckland),5.8,6.1,21.4,39.3,2.2,27.1,2.2
Hillsborough South (Auckland),8.0,14.6,31.0,30.9,3.4,22.3,3.4
Hillsborough West (Auckland),7.3,11.5,23.5,32.8,2.9,21.6,2.3
Hilltop (Auckland),11.7,14.4,46.9,29.3,4.0,7.0,4.0
Hilltop (Taupo District),8.8,3.4,39.6,6.8,5.7,40.1,1.7
Hingaia,9.3,5.7,62.4,10.7,4.5,6.3,1.0
Hinuera,8.4,7.8,39.7,47.2,3.1,3.1,3.1
Hobson Ridge Central,8.3,2.3,2.3,17.6,2.3,73.9,2.3
Hobson Ridge North,12.8,2.2,3.9,13.8,2.2,67.3,2.2
Hobson Ridge South,11.4,2.8,2.8,14.6,2.8,74.9,2.8
Hobsonville,14.0,7.4,41.4,18.9,2.1,14.0,2.1
Hobsonville Point,9.7,10.1,22.6,10.2,7.8,43.8,1.8
Hokianga North,4.1,4.1,9.0,70.5,4.1,4.1,4.1
Hokianga South,21.3,3.6,15.0,34.8,3.6,18.2,3.6
Hokitika,12.2,3.4,38.1,8.7,3.4,36.0,0.6
Hokitika Rural,13.4,1.2,51.4,30.4,1.2,1.2,1.2
Hokitika Valley-Otira,2.6,2.6,16.3,72.9,2.6,2.6,2.6
Hokowhitu Central,9.3,15.8,24.5,17.1,10.5,21.3,1.6
Hokowhitu East,7.6,16.8,33.5,15.1,11.0,18.2,1.3
Hokowhitu South,8.2,18.7,40.0,21.7,9.2,14.5,2.8
Holdens Bay-Rotokawa,10.5,10.1,54.1,18.3,8.2,8.2,3.3
Holmes Hill,16.1,5.9,53.6,10.2,5.9,5.7,2.6
Holmwood,7.0,9.6,34.5,7.1,16.4,22.1,4.5
Homai East,13.2,8.6,28.8,16.9,2.3,31.0,2.3
Homai West,8.0,9.1,36.7,10.9,1.8,37.1,1.8
Homebush-Te Ore Ore,15.2,4.7,42.6,44.8,4.7,4.7,4.7
Homedale East,11.9,5.8,49.2,23.1,2.7,14.4,2.7
Homedale West,13.2,5.4,46.7,23.2,3.2,8.9,1.8
Honikiwi,12.0,3.6,45.9,41.1,1.5,1.5,1.5
Hoon Hay East,8.1,14.2,34.4,11.6,8.7,30.6,2.1
Hoon Hay South,9.9,12.9,38.3,16.7,11.4,21.1,2.7
Hoon Hay West,8.7,16.9,38.4,13.4,5.0,26.4,2.3
Hope,13.2,17.7,31.9,40.0,3.7,3.7,3.7
Hornby South,10.8,13.7,34.6,17.5,3.7,20.4,2.9
Hornby West,9.4,11.7,42.4,20.8,4.4,20.0,2.0
Horotiu,28.1,5.5,28.1,21.9,5.5,5.5,5.5
Horsham Downs,15.4,19.2,53.5,25.9,6.5,6.5,6.5
Hospital Hill,11.6,7.4,33.7,9.2,7.1,32.9,0.9
Houghton Bay,10.8,4.4,30.2,33.5,2.5,19.1,2.5
Howick Central,8.4,7.7,38.1,16.9,1.9,31.4,1.9
Howick East,8.2,10.1,41.6,19.7,2.5,25.7,2.5
Howick West,9.1,9.8,38.3,16.6,1.9,27.7,1.9
Huntington,8.8,17.3,51.7,15.2,10.9,4.6,3.0
Huntington Park,6.0,12.8,29.9,28.7,3.8,26.2,3.8
Huntly East,5.6,7.4,40.4,24.2,1.8,19.4,1.3
Huntly Rural,9.5,8.4,47.3,34.0,0.9,2.8,0.9
Huntly West,5.0,10.2,30.4,18.9,2.4,33.8,1.3
Huntsbury,9.9,13.7,24.7,13.6,16.9,19.1,2.1
Hunua,11.3,7.1,50.3,30.4,3.1,3.1,3.1
Hurdon,13.0,7.8,52.2,18.3,6.0,17.6,3.3
Hutt Central North,12.7,2.1,29.6,8.5,2.1,42.9,2.1
Hutt Central South,7.4,5.5,24.7,17.3,4.9,39.6,4.9
Ilam North,3.3,12.8,11.8,5.2,11.7,53.5,2.5
Ilam South,5.6,11.0,14.0,5.9,16.1,45.4,2.7
Ilam University,1.3,3.9,0.9,2.6,6.4,84.6,1.5
Inangahua,9.4,2.4,19.3,69.3,2.4,2.4,2.4
Inglewood,13.7,5.5,45.2,7.2,8.5,24.7,1.5
Invercargill Central,7.3,10.0,6.1,4.2,4.5,69.7,1.0
Iona,8.4,4.3,38.9,7.7,7.7,34.6,2.4
Irongate,10.7,10.7,70.0,43.0,10.7,10.7,10.7
Irwell,11.7,9.4,25.6,63.0,2.5,2.5,2.5
Island Bay East,8.3,3.6,20.1,32.6,6.0,26.7,4.5
Island Bay West,8.6,5.0,23.9,34.4,7.7,18.1,5.5
Islands Tasman District,10.0,10.0,10.0,40.0,10.0,10.0,10.0
Islington,12.8,8.6,48.0,17.5,4.4,28.2,4.4
Islington-Hornby Industrial,10.6,10.6,55.0,42.2,10.6,10.6,10.6
Jacks Point,9.4,1.5,71.6,21.8,1.5,1.5,1.5
Jellie Park,4.8,9.5,21.2,7.2,15.2,38.7,3.3
Johnsonville Central,12.4,4.7,32.6,17.1,2.6,30.4,2.6
Johnsonville North,10.4,9.0,29.4,21.6,2.0,30.1,2.0
Johnsonville South,12.7,6.2,29.8,16.7,2.7,33.1,2.7
Johnsonville West,10.1,6.1,31.8,17.4,1.9,34.7,1.9
Judea,11.1,7.6,53.0,8.5,8.6,9.3,4.1
Kaeo,18.7,1.9,22.2,51.6,1.9,1.9,1.9
Kahikatea,10.7,15.4,45.9,12.6,3.3,11.5,1.7
Kahuranaki,6.8,3.1,50.9,39.7,3.1,3.1,3.1
Kahutara,9.5,2.9,27.9,56.5,2.9,2.9,2.9
Kaiapoi Central,11.2,8.9,33.8,12.1,2.1,33.3,2.1
Kaiapoi North West,9.7,8.3,34.3,8.4,3.8,34.3,1.2
Kaiapoi South,5.3,13.3,44.8,11.0,2.2,28.4,2.2
Kaiapoi West,11.4,7.5,37.7,7.3,1.8,32.5,1.8
Kaikohe,11.3,4.8,36.3,13.2,0.9,32.9,1.6
Kaikorai-Bradford,9.9,16.3,39.5,10.9,2.1,19.2,2.1
Kaikoura,14.8,0.6,50.7,2.3,10.5,20.6,0.6
Kaikoura Ranges,11.6,1.2,36.8,53.1,1.2,3.8,1.2
Kaimai,12.6,5.2,36.2,45.1,1.2,1.2,1.2
Kaimanawa,100.0,11.1,11.1,44.4,11.1,11.1,11.1
Kaingaroa-Whakarewarewa,10.1,4.3,22.3,60.7,2.1,6.6,2.1
Kainui-Gordonton,10.3,8.3,49.7,18.4,5.0,15.7,2.5
Kaipaki,9.2,13.8,49.9,30.5,2.7,2.7,2.7
Kaipara Coastal,15.1,7.9,21.0,51.9,0.9,5.4,0.9
Kaipara Hills,13.0,5.5,27.6,50.3,1.5,1.5,1.5
Kaitaia East,9.2,6.9,38.7,24.0,0.9,20.4,0.9
Kaitaia West,12.0,4.4,38.1,20.0,0.7,24.2,0.7
Kaitake,10.1,5.2,40.8,29.2,4.9,10.9,1.5
Kaitangata-Matau,8.6,0.3,33.3,42.4,0.3,14.8,0.3
Kaitawa,30.0,1.0,32.9,33.0,1.0,1.0,1.0
Kaitemako (Tauranga City),14.6,8.0,38.3,41.7,9.2,4.7,4.7
Kaitemako (Western Bay of Plenty District),18.4,10.2,29.0,49.5,3.1,3.1,3.1
Kaiteriteri-Riwaka,13.6,5.6,31.7,33.0,12.4,8.7,1.3
Kaiti North,10.7,11.2,50.3,19.9,4.1,11.4,2.7
Kaiti South,11.1,10.2,43.0,21.4,2.1,15.4,2.1
Kaitoke-Fordell,19.4,3.1,56.5,27.1,3.1,7.6,3.1
Kaiwaka,11.0,2.5,25.9,56.6,0.7,2.5,0.7
Kamo Central,10.9,6.1,48.3,10.0,1.8,26.8,1.8
Kamo East,10.6,10.3,59.6,14.5,2.6,15.4,2.6
Kamo West,9.1,7.3,54.0,11.5,1.7,22.2,1.7
Kaponga-Mangatoki,16.1,4.0,32.1,61.7,4.0,8.5,4.0
Karaka Bay-Worser Bay,9.4,4.2,39.0,31.5,2.3,13.5,2.3
Karaka Creek,8.9,4.1,45.8,31.5,1.7,6.4,1.7
Karaka Lakes,5.4,5.1,57.5,14.9,3.3,20.2,1.3
Karamea,1.2,1.2,38.0,50.9,17.0,1.2,1.2
Karamu,14.3,8.3,46.0,37.3,3.9,3.9,3.9
Karanema-St Hill,14.9,5.1,24.5,6.2,1.5,48.7,1.5
Karangahape,17.0,6.0,3.8,22.3,6.0,58.4,3.8
Karapiro,10.8,10.8,51.9,31.4,2.6,2.6,2.6
Karikari Peninsula,12.6,1.5,29.0,55.3,1.5,1.5,1.5
Karori East,5.1,3.5,20.4,39.4,2.1,32.5,2.6
Karori North,5.7,4.7,23.2,41.4,2.0,26.4,2.6
Karori Park,7.9,5.0,29.2,38.6,3.2,20.8,2.0
Karori South,6.1,3.6,28.1,40.6,2.7,21.1,2.1
Karoro,15.3,5.8,57.4,3.2,4.0,13.5,0.8
Katikati,8.8,3.4,33.4,4.9,5.7,44.4,0.8
Kauaeranga,25.6,5.4,49.3,44.3,5.4,5.4,5.4
Kauri,7.3,8.3,64.4,27.6,3.5,5.3,3.5
Kaurilands,6.6,5.3,28.6,25.4,1.9,36.3,1.9
Kauwhata,11.9,10.0,49.2,29.4,2.7,4.2,2.7
Kawaha,14.7,8.0,47.2,16.9,4.2,22.8,4.2
Kawakawa,13.0,1.5,32.4,20.6,1.5,30.9,1.5
Kawakawa Bay-Orere,15.0,9.4,46.0,36.5,2.4,2.4,2.4
Kawaroa,20.2,10.2,37.8,13.3,5.1,12.9,2.4
Kawiu North,8.6,2.0,51.3,7.9,2.0,26.4,2.0
Kawiu South,13.4,2.5,40.9,7.1,5.1,29.9,0.9
Kelburn,5.3,1.2,4.3,19.2,1.2,68.3,1.9
Kelson,11.6,4.4,47.9,26.2,2.9,12.6,2.9
Kelston North,7.5,8.6,30.1,20.6,2.1,33.6,2.1
Kelston South,6.4,9.5,29.1,22.5,3.0,36.0,3.0
Kelvin Grove North,8.2,8.1,57.8,14.8,7.7,8.0,2.2
Kelvin Grove West,15.7,10.4,55.1,13.7,5.4,10.7,2.9
Kelvin Heights,11.5,6.1,55.3,30.8,2.2,2.2,2.2
Kendallvale,10.1,3.7,61.2,14.6,8.8,25.2,3.7
Kenmure,10.9,13.5,38.9,18.1,3.1,23.4,3.1
Kennedys Bush,17.1,34.5,39.3,37.5,9.4,9.4,9.4
Kennington-Tisbury,11.1,9.3,60.6,32.5,4.1,4.1,4.1
Kensington (Timaru District),14.7,5.0,48.4,7.0,1.7,21.5,1.7
Kensington (Whangarei District),15.7,7.6,31.7,8.8,3.8,30.7,1.6
Kere Kere,19.4,10.4,45.5,32.2,5.4,5.4,5.4
Kerikeri Central,11.1,1.3,41.1,5.1,3.7,40.6,1.3
Kerikeri South,13.4,5.4,64.1,15.9,7.7,10.0,2.5
Kew (Dunedin City),17.7,15.4,45.8,17.9,2.8,9.5,2.8
Kew (Invercargill City),9.4,11.1,53.6,16.1,4.9,12.0,3.3
Khandallah North,10.2,4.4,22.6,22.6,3.3,35.9,3.3
Khandallah Reserve,9.8,6.1,21.6,32.6,5.4,24.7,5.4
Khandallah South,8.5,4.5,33.4,30.2,3.3,19.4,3.3
Kihikihi Central,16.0,9.4,41.7,30.7,2.3,7.7,2.3
Kilbirnie Central,13.7,4.1,17.2,35.9,2.7,23.6,2.7
Kilbirnie East,10.2,4.7,23.5,37.4,2.2,19.8,2.2
Kimberley,24.9,8.0,64.0,40.9,8.0,8.0,8.0
Kimbolton North,13.7,6.4,40.3,9.8,2.0,32.2,2.0
Kimbolton South,11.9,6.5,48.8,11.4,2.4,26.9,2.4
Kimbolton West,9.5,5.7,29.0,5.6,1.4,48.8,1.4
King Edward Park,15.8,2.2,38.5,8.7,2.2,35.2,2.2
King Park,19.8,9.3,34.6,15.4,3.8,37.3,3.8
Kingsbury,6.9,11.5,43.0,8.6,8.0,33.2,3.4
Kingseat-Karaka,8.6,5.0,52.0,32.4,1.5,2.8,1.5
Kingsland,11.9,7.7,22.4,43.1,8.2,23.8,3.9
Kingston,50.0,11.1,38.9,66.7,11.1,11.1,11.1
Kingston-Mornington-Vogeltown,14.0,5.9,26.5,25.6,1.6,23.2,3.1
Kingsway,7.4,8.2,30.7,20.1,9.2,25.8,1.6
Kingswell,12.6,13.2,64.4,15.8,5.3,6.6,3.5
Kinleith,12.8,7.4,51.8,34.9,3.7,3.7,3.7
Kirikiriroa,6.9,6.9,6.9,27.7,6.9,37.8,6.9
Kiripaka,11.2,7.5,60.2,21.7,2.7,2.7,2.7
Kirwee,8.6,8.3,35.2,35.8,5.6,11.6,1.0
Kiwitea,21.4,1.2,22.4,47.1,1.2,6.5,1.2
Kohimarama,6.4,8.4,26.0,25.4,2.2,34.5,1.6
Kohukohu-Broadwood,25.5,0.5,13.0,51.4,0.5,8.8,0.5
Kokotau,15.3,6.1,49.6,25.0,2.2,2.2,2.2
Konini,8.5,7.8,38.0,29.5,3.0,20.8,2.3
Kopuaranga,18.1,4.3,19.6,56.3,4.3,15.2,4.3
Kopurererua,10.0,2.2,44.6,42.4,2.2,2.2,2.2
Korokoro,13.7,4.9,40.6,21.6,2.8,23.7,2.8
Koutu,10.3,11.8,59.0,15.5,3.9,14.5,3.9
Kuirau,5.3,15.5,10.2,21.1,5.3,42.9,5.3
Kumeu Rural East,10.9,12.0,48.4,25.4,3.6,3.6,3.6
Kumeu Rural West,12.3,12.7,41.4,36.9,4.6,4.6,4.6
Kumeu-Huapai,10.1,9.3,49.1,23.1,7.1,9.1,2.5
Kuripuni,13.4,2.4,38.1,13.0,6.4,33.5,2.4
Ladbrooks,5.2,23.0,41.9,22.4,3.6,3.3,1.7
Laingholm,8.3,4.6,42.6,35.2,1.1,12.4,1.1
Laird Park,11.0,6.1,31.3,8.9,4.1,42.9,2.2
Lake Brunner,10.1,1.2,2.7,14.1,1.2,74.0,1.2
Lake Cameron,14.1,33.4,29.3,17.6,2.9,7.5,2.9
Lake Hawea,12.5,0.8,39.6,44.7,0.8,0.8,0.8
Lake Hayes,14.1,2.2,28.9,61.5,2.2,2.2,2.2
Lake Hayes Estate,7.1,3.4,41.8,33.1,12.1,1.8,0.7
Lake Manuwai-Kapiro,8.3,1.9,46.8,44.9,0.2,0.2,0.2
Lake Ngaroto,12.0,8.4,52.5,39.4,5.2,5.2,5.2
Lake Taupo Bays,16.1,0.7,27.1,54.0,0.7,0.7,0.7
Lancaster Park,10.0,10.0,10.0,40.0,10.0,10.0,10.0
Lansdowne East,14.0,7.9,61.8,15.6,4.3,7.7,2.7
Lansdowne West,18.4,5.6,68.7,27.8,5.6,5.6,5.6
Leabank,8.4,9.3,40.1,17.2,2.5,24.9,2.5
Leamington Central,16.7,12.8,46.7,17.3,10.6,9.6,3.4
Leamington East,10.1,9.9,59.0,6.9,10.8,3.8,1.3
Leamington South,11.8,17.2,39.3,27.9,9.0,12.7,2.8
Leamington West,15.5,7.4,50.2,4.9,22.7,1.2,1.2
Leeston,11.9,5.2,30.4,1.8,7.6,42.6,0.5
Lepperton-Brixton,13.1,3.7,51.0,34.2,3.7,9.2,3.7
Levels,6.3,1.6,17.2,75.5,1.6,1.6,1.6
Levels Valley,9.2,3.1,20.1,75.2,3.1,3.1,3.1
Levin Central,16.9,5.7,37.2,23.0,5.7,18.2,5.7
Lilybrook,8.4,7.4,39.9,5.1,4.8,37.6,1.3
Lincoln East,6.4,14.8,33.5,9.4,8.8,31.0,1.4
Lincoln West,3.4,21.7,20.4,4.8,7.8,42.6,1.2
Linden,8.6,6.9,35.5,9.4,2.9,36.6,2.1
Lindis-Nevis Valleys,11.5,6.3,50.2,31.0,0.3,0.3,0.3
Linton Camp,33.5,8.7,12.4,16.5,5.4,24.7,2.5
Linwood East,11.5,15.5,45.9,22.1,4.1,18.2,4.1
Linwood North,14.5,20.9,32.2,21.5,5.3,15.1,3.6
Linwood West,11.9,19.3,22.8,18.9,8.5,22.9,1.7
Loburn,12.4,12.7,43.7,34.8,2.8,1.6,1.6
Lochain Park,11.5,8.5,46.0,17.6,1.9,12.6,1.9
Long Bay,9.1,12.2,30.3,26.1,2.8,21.1,2.8
Longlands-Pukahu,11.1,10.5,60.3,26.3,6.6,4.9,4.9
Longwood Forest,12.6,1.9,22.2,59.0,1.9,8.0,1.9
Lower Aramoho,15.0,9.3,57.9,24.5,8.4,8.3,6.1
Lower Moutere,19.1,4.4,48.0,30.7,1.2,1.2,1.2
Lower Vogeltown,16.1,4.8,41.6,10.7,12.1,17.6,2.0
Lower Wairau,12.7,2.2,51.1,34.2,2.2,2.2,2.2
Lower Waitaki,8.4,2.2,35.1,45.1,3.8,5.4,2.2
Lucknow,13.1,5.5,37.5,7.5,4.0,33.0,1.9
Lumsden-Balfour,7.8,0.9,16.1,47.1,4.2,24.1,0.9
Lyall Bay,12.4,4.8,19.7,25.6,7.8,32.0,2.0
Lyalldale,12.5,4.6,9.9,82.8,4.6,12.5,4.6
Lynfield North,7.0,7.7,18.7,35.9,2.0,31.8,2.0
Lynfield South,6.5,7.8,31.3,31.8,2.0,24.8,2.0
Lynmore,11.9,7.8,31.3,15.0,15.5,21.8,1.4
Lyttelton,10.9,13.4,29.1,26.4,1.6,21.7,1.6
Lytton,15.6,6.4,48.6,25.5,13.1,6.4,6.4
Macandrew Bay-Company Bay,11.6,13.2,51.4,13.0,2.8,17.9,2.8
Mackenzie Lakes,24.8,1.4,26.6,23.9,12.0,12.0,1.4
Maeroa,8.5,19.1,46.0,13.2,2.0,18.0,2.0
Maheno,11.4,1.8,45.6,40.8,1.8,4.7,1.8
Mahia,15.6,1.4,20.3,47.0,1.4,12.8,1.4
Mahora,11.3,8.9,40.4,10.7,10.1,21.8,1.8
Maihiihi,9.3,4.8,35.9,49.5,0.5,0.5,0.5
Mairangi Bay North,6.6,6.9,24.3,19.7,0.7,42.2,0.7
Mairangi Bay South,6.1,7.8,26.3,25.4,1.2,32.0,1.2
Mairehau North,9.6,15.1,31.0,22.0,5.8,19.3,4.1
Mairehau South,9.9,13.7,28.3,16.3,9.4,22.7,2.3
Mairtown,16.1,12.0,51.1,15.1,3.3,19.0,3.3
Maitai,14.7,7.3,14.2,10.8,19.1,32.4,1.5
Maitlands,13.8,9.0,37.3,15.6,11.2,21.0,3.6
Makahika,16.5,6.7,60.7,35.0,6.7,6.7,6.7
Makara-Ohariu,10.2,4.5,42.2,39.4,4.5,4.5,4.5
Makaraka-Awapuni,12.4,12.1,51.1,14.0,3.5,10.2,3.5
Makaretu,9.3,4.5,25.7,48.6,3.0,10.7,1.7
Maketu,9.5,1.0,21.0,60.0,1.0,6.7,1.0
Makikihi-Willowbridge,15.3,2.1,27.4,58.3,2.1,2.1,2.1
Makino,14.0,5.2,48.8,9.6,3.8,24.7,2.4
Makomako,13.2,4.6,25.0,18.2,4.6,41.4,4.6
Malvern,7.6,11.9,28.9,12.8,13.1,20.2,5.4
Manaia-Kapuni,10.6,1.7,31.5,38.3,7.2,12.5,1.7
Manawahe,12.5,4.9,26.8,49.5,4.9,4.9,4.9
Mandeville-Ohoka,8.1,10.1,46.0,36.0,4.8,2.0,2.0
Mangaiti,6.8,7.7,44.6,44.6,2.0,2.0,2.0
Mangakahia-Hukerenui,16.4,8.5,35.4,38.3,1.2,3.4,1.2
Mangakakahi West,10.6,8.6,55.9,14.6,2.7,14.7,2.7
Mangaonuku,18.3,6.4,17.9,40.0,8.0,20.0,3.1
Mangaoraka,8.8,4.2,63.2,21.9,5.1,5.1,2.1
Mangapapa East,19.4,13.0,40.6,11.0,2.8,14.9,2.8
Mangapapa North,8.5,11.1,59.9,9.1,2.3,13.2,2.3
Mangapapa South,12.6,7.5,41.1,16.4,3.3,29.3,3.3
Mangarara,8.5,3.6,26.7,48.4,2.2,9.2,2.2
Mangaroa,10.8,3.2,44.1,43.0,3.2,3.2,3.2
Mangatainoka,15.7,5.5,39.0,40.4,2.8,2.8,2.8
Mangatangi,10.6,3.9,30.2,63.2,3.9,3.9,3.9
Mangateretere,13.8,9.6,49.3,25.4,10.2,3.9,3.9
Mangawhai,9.9,2.3,26.1,31.5,12.6,23.4,2.3
Mangawhai Heads,16.6,3.9,39.9,57.9,3.9,3.9,3.9
Mangawhai Rural,16.4,3.3,37.6,54.9,3.3,3.3,3.3
Mangawhio,20.4,2.2,32.2,41.8,2.2,2.2,2.2
Mangere Bridge,7.0,8.4,37.2,29.1,2.1,18.6,2.1
Mangere Bridge Ambury,9.0,6.2,39.5,29.9,6.4,16.8,2.2
Mangere Central,7.1,11.3,50.3,18.6,3.5,14.8,3.5
Mangere East,5.4,11.5,33.1,23.3,2.5,29.8,2.5
Mangere Mascot,7.7,8.7,44.0,24.9,4.0,19.8,4.0
Mangere Mountain View,11.4,10.2,39.6,23.2,4.5,12.4,2.2
Mangere North,7.4,4.6,41.2,25.3,4.6,25.9,4.6
Mangere South,10.8,8.0,53.4,20.1,3.1,12.6,3.1
Mangere South East,5.8,11.3,55.8,20.9,3.3,10.4,3.3
Mangere West,5.8,7.0,37.7,22.4,3.2,33.5,3.2
Mangorei,9.2,9.1,55.0,36.2,2.1,2.1,2.1
Maniototo,14.7,1.2,21.8,45.5,1.2,17.9,1.2
Manly East,12.1,5.3,30.6,24.3,7.7,24.5,2.0
Manly West,9.7,8.8,27.9,22.8,5.8,31.6,2.0
Manor Park,10.2,10.2,26.4,40.8,10.2,10.2,10.2
Manuherikia-Ida Valleys,10.9,1.9,23.5,55.0,1.9,12.8,1.9
Manuka,16.0,7.6,34.0,39.1,6.9,12.0,4.8
Manukau Central,31.8,7.6,7.6,30.3,7.6,7.6,7.6
Manurewa Central,6.6,8.3,36.1,20.9,2.3,26.5,2.3
Manurewa East,8.3,12.0,38.3,20.6,3.1,29.6,3.1
Manurewa South,7.5,8.5,50.9,13.4,2.5,20.6,2.5
Manutahi-Waitotora,11.3,2.4,32.2,41.5,2.4,11.2,2.4
Maori Hill,4.5,10.1,20.4,2.8,0.7,60.9,0.7
Maoribank,15.1,5.1,53.4,25.4,3.6,8.0,3.6
Mapara,9.8,4.4,45.7,49.6,2.6,2.6,2.6
Maraekakaho,8.7,7.0,44.6,32.2,1.8,9.7,1.8
Maraenui,7.9,7.0,40.2,9.1,3.4,31.4,2.3
Maraetai,10.6,5.3,30.0,35.8,4.7,21.1,2.2
Maraetarata,16.9,12.8,44.1,22.2,8.0,4.8,4.8
Maramarua,12.7,3.2,38.6,53.8,3.2,7.3,3.2
Mararoa,10.5,0.7,11.2,75.7,0.7,0.7,0.7
Marchwiel East,10.9,5.3,31.4,8.8,2.2,39.2,2.2
Marchwiel West,12.6,4.6,45.9,21.0,4.6,26.9,4.6
Marewa East,13.9,7.9,42.2,12.7,5.4,20.2,2.9
Marewa West,17.1,13.2,41.2,25.7,8.2,11.8,4.5
Marfell,11.6,4.8,41.6,9.8,2.5,29.9,2.5
Marlborough Sounds East,17.9,3.6,42.0,39.9,3.6,3.6,3.6
Marlborough Sounds West,17.3,0.8,31.4,38.8,7.8,9.0,0.8
Maromaku,15.8,2.5,18.1,65.6,2.5,2.5,2.5
Marotiri,7.1,1.6,28.8,50.2,2.8,9.7,1.6
Marsden,12.8,10.1,43.9,13.4,3.4,32.8,3.4
Marsden Bay,8.8,4.9,35.6,41.3,6.0,6.0,1.2
Marshland,16.0,20.8,45.6,19.8,5.0,5.0,5.0
Martinborough,10.4,1.5,28.0,20.2,10.4,28.0,1.5
Marton North,12.4,7.3,42.7,10.3,4.0,24.1,1.3
Marton Rural,21.8,3.4,54.0,17.0,3.4,3.4,3.4
Marton South,14.5,3.0,50.4,9.2,3.9,21.9,1.5
Marybank,7.0,8.4,25.1,39.7,3.5,16.5,3.5
Maryhill,11.5,15.3,52.2,15.7,3.0,12.8,3.0
Massey Central,11.7,10.3,41.0,20.8,3.0,27.3,3.0
Massey East,10.1,13.1,43.3,20.7,2.6,17.4,2.6
Massey Road North,6.0,11.7,47.4,16.3,2.4,20.5,2.4
Massey Road South,6.7,8.2,38.9,24.3,4.4,20.0,4.4
Massey Road West,6.6,5.8,45.3,22.8,2.5,20.6,2.5
Massey Royal Road West,9.4,9.9,47.5,18.4,3.6,14.3,3.6
Massey South,11.5,8.7,47.4,18.8,3.3,21.7,3.3
Massey West,7.7,2.6,30.2,23.7,2.6,30.8,2.6
Masterton Central,16.1,5.5,48.5,21.9,5.5,18.0,5.5
Matakana Island,7.0,7.0,7.0,57.8,7.0,7.0,7.0
Matamata North,8.0,5.0,58.5,7.3,6.1,19.1,1.2
Matamata South,9.6,4.3,41.0,8.5,8.2,31.0,1.2
Matapihi,10.2,13.3,25.5,31.8,10.2,13.3,5.0
Matapouri-Tutukaka,15.5,9.8,39.1,48.8,4.1,4.1,4.1
Matarau,11.2,7.8,58.0,27.5,1.7,2.6,1.7
Mataraua Forest,18.8,3.8,17.1,64.0,3.8,3.8,3.8
Matarawa,9.3,7.3,42.6,11.9,2.1,34.8,2.1
Matata-Otakiri,11.5,2.9,51.6,24.8,0.9,7.2,0.9
Matatoki-Puriri,9.1,0.8,43.7,35.8,4.1,5.8,0.8
Mataura,11.5,5.8,31.4,47.5,1.9,8.6,1.9
Matawaia-Taumarere,10.3,4.0,30.9,57.2,4.0,4.0,4.0
Matua North,6.5,8.0,30.4,11.1,14.5,31.9,1.4
Matua South,10.5,5.0,43.5,10.1,12.2,30.9,2.5
Maungakotukutuku,17.5,6.2,64.1,27.1,6.2,6.2,6.2
Maungaraki,10.7,5.8,42.6,23.2,3.0,17.6,2.7
Maungaru,13.1,8.7,33.6,49.7,2.2,2.2,2.2
Maungataniwha-Raupunga,17.7,1.4,24.1,49.9,1.4,4.2,1.4
Maungatapere,10.8,6.4,42.9,40.1,1.1,5.1,1.1
Maungatapu,10.9,13.9,32.9,21.4,11.3,12.2,1.4
Maungatautari,16.6,5.8,56.4,45.3,5.8,5.8,5.8
Maungati,12.7,5.4,12.7,72.4,5.4,5.4,5.4
Maungaturoto,7.8,0.0,48.4,14.1,0.0,29.7,0.0
Maungawhau,6.3,6.2,14.2,33.4,3.0,37.7,2.2
Maunu-Horahora,13.2,9.8,47.4,20.6,2.1,13.8,2.1
Maupuia,11.0,3.8,39.9,45.0,3.8,6.3,3.8
Mayfair,14.4,10.2,40.2,12.8,5.4,26.8,2.5
Mayfield,16.5,6.2,39.6,9.6,8.1,21.4,2.4
McJorrow Park,7.7,7.7,50.0,10.1,4.9,21.2,2.5
McLaren Park,11.7,11.6,44.2,27.8,5.6,10.9,4.1
McLean Park,13.7,9.1,36.2,12.3,8.0,22.1,3.7
McLeans Island,11.1,11.1,100.0,44.4,11.1,11.1,11.1
Meadowbank East,9.0,8.2,49.4,43.8,4.0,7.5,4.0
Meadowbank West,6.6,4.5,30.4,40.2,2.1,20.6,2.1
Meeanee-Awatoto,12.2,9.0,51.5,21.7,12.0,4.0,2.5
Mellons Bay,7.4,8.9,35.6,22.5,1.9,28.1,1.9
Melrose,13.6,9.0,19.0,40.3,5.2,26.7,5.2
Melville North,14.2,21.4,32.1,17.9,3.4,15.6,3.4
Melville South,9.4,19.0,36.8,13.9,4.3,16.0,2.0
Mercury Bay North,11.8,0.7,18.5,63.3,0.7,4.4,0.7
Mercury Bay South,10.5,1.2,38.0,41.5,1.2,6.5,1.2
Merivale,10.2,12.0,13.0,8.0,16.3,36.5,4.0
Merrilands,12.1,5.7,44.1,10.1,8.1,25.0,2.2
Methven,12.1,2.0,32.3,2.2,16.7,34.1,0.6
Middleton,2.1,26.2,2.1,8.6,26.2,32.5,2.1
Milford Central,8.5,6.0,25.2,26.8,13.3,18.7,2.7
Milford West,6.4,10.4,19.7,23.9,8.3,32.6,1.4
Millwater North,9.0,6.9,51.1,22.0,4.1,10.9,2.0
Millwater South,7.0,7.0,50.5,23.4,2.0,14.3,2.0
Milson North,11.4,10.5,47.1,11.3,5.2,16.9,2.4
Milson South,14.0,12.2,36.5,14.9,5.0,24.5,2.8
Milton,11.3,2.2,31.1,6.2,5.3,43.2,0.6
Milverton,6.3,28.7,8.2,32.4,6.4,19.8,1.3
Minden,13.7,9.3,42.4,36.8,1.7,1.7,1.7
Miramar Central,11.5,3.1,25.5,39.1,5.0,17.5,3.1
Miramar East,7.0,2.6,35.8,32.9,3.2,17.1,1.8
Miramar North,8.5,3.2,25.9,39.6,5.8,24.5,3.2
Miramar South,8.1,3.4,39.7,31.4,2.8,12.6,2.0
Miranda-Pukorokoro,15.1,1.2,42.9,44.2,1.2,1.2,1.2
Miranui,14.0,6.6,29.5,40.8,4.1,5.8,1.6
Miropiko,10.6,17.4,38.0,16.6,7.8,20.7,3.2
Mission Bay,7.0,8.0,34.8,29.8,1.5,18.4,2.6
Mission Heights North,4.0,8.4,35.6,17.1,2.9,36.2,1.5
Mission Heights South,6.5,8.5,32.0,17.0,1.8,38.8,1.8
Moananui,9.7,5.6,47.7,4.2,2.5,29.3,1.0
Moera,10.4,8.8,30.7,13.3,6.0,27.3,3.3
Moerewa,13.0,2.0,30.2,37.8,2.0,16.8,2.0
Mokai Patea,8.0,1.5,34.0,44.5,1.5,14.3,1.5
Mokorua Bush,12.5,8.2,66.4,23.4,6.2,6.0,3.7
Momona,5.9,9.1,36.5,39.4,4.6,7.3,2.0
Mona Vale,7.0,17.5,13.7,12.5,12.8,34.2,2.3
Monika Reserve,11.9,6.9,35.4,18.9,7.4,17.9,1.5
Morningside (Auckland),9.7,10.5,22.3,30.1,5.8,23.8,2.3
Morningside (Whangarei District),14.3,12.7,46.0,12.4,2.4,17.8,2.4
Mornington,10.5,19.8,43.1,15.0,2.6,13.5,1.6
Morrinsville East,8.4,9.3,36.1,10.4,3.9,34.2,1.0
Morrinsville West,9.6,9.4,44.0,7.5,4.7,25.6,0.7
Morven-Glenavy-Ikawai,9.1,7.3,12.5,71.2,1.8,1.8,1.8
Mosgiel Central,9.1,11.9,33.1,12.0,1.9,37.4,1.9
Mosgiel East,10.1,10.5,45.6,9.6,4.2,18.7,1.3
Mossburn,10.3,2.4,14.3,67.9,2.4,7.3,2.4
Motiti,7.4,4.7,33.8,15.7,23.9,15.9,2.0
Motueka East,11.4,7.3,37.3,9.1,18.1,19.8,1.6
Motueka North,11.0,8.3,43.1,9.6,13.7,19.9,4.9
Motueka West,14.4,6.9,30.7,11.5,13.5,24.2,2.5
Motukarara,15.0,11.5,24.4,56.1,4.4,4.4,4.4
Moturoa,18.8,8.6,25.1,11.2,2.8,30.7,2.8
Moulson,12.7,9.6,50.5,13.9,5.4,10.8,2.9
Mount Albert Central,5.2,4.4,14.4,24.6,3.8,46.1,1.6
Mount Albert North,3.9,5.6,22.0,24.4,2.9,42.0,1.6
Mount Albert South,5.2,6.5,16.9,34.9,3.2,34.9,2.0
Mount Albert West,5.2,6.3,18.8,27.0,1.2,42.0,1.2
Mount Cargill,14.1,16.2,58.6,17.1,3.7,6.8,3.7
Mount Cook East,5.3,1.6,0.9,16.2,2.0,72.8,2.2
Mount Cook West,6.4,4.0,2.9,12.6,1.9,74.9,1.1
Mount Eden East,6.7,4.3,25.9,27.6,4.4,35.6,1.9
Mount Eden North,7.0,4.6,10.8,31.7,3.4,40.4,2.1
Mount Eden North East,15.2,3.1,12.1,36.5,3.1,26.9,3.1
Mount Eden South,5.1,5.1,28.5,37.3,6.0,16.7,2.3
Mount Eden West,5.3,4.6,24.6,24.7,3.5,36.3,2.0
Mount Holdsworth,11.0,6.0,38.3,40.0,1.6,1.6,1.6
Mount Maunganui Central,75.0,2.8,2.8,11.1,2.8,2.8,2.8
Mount Maunganui North,22.1,16.9,40.4,20.0,9.5,3.8,3.8
Mount Maunganui South,10.3,12.2,16.5,14.6,31.4,21.1,2.2
Mount Messenger,9.4,1.8,25.1,58.1,1.8,1.8,1.8
Mount Pleasant,8.1,14.6,42.7,18.9,2.1,16.1,2.1
Mount Roskill Central North,5.9,6.2,11.8,32.3,1.4,40.0,2.4
Mount Roskill Central South,6.2,8.9,31.8,26.7,2.1,25.3,2.1
Mount Roskill North,9.9,9.2,26.8,36.6,3.7,17.9,2.6
Mount Roskill South,7.5,8.5,39.8,36.9,2.9,10.0,2.9
Mount Roskill White Swan,6.2,10.5,38.1,32.4,2.6,13.5,3.8
Mount St John,5.8,4.6,24.2,30.8,2.7,32.3,1.5
Mount Taylor,16.3,9.3,70.7,44.2,9.3,9.3,9.3
Mount Victoria,9.7,4.1,2.1,19.4,2.8,61.9,1.5
Mount Wellington Central,6.9,11.9,31.4,33.1,3.2,17.1,3.2
Mount Wellington East,9.5,5.4,31.3,36.5,3.5,17.4,3.5
Mount Wellington Ferndale,11.1,8.7,31.9,26.9,2.9,25.1,2.9
Mount Wellington North East,12.3,7.7,34.2,31.5,4.6,17.7,4.6
Mount Wellington North West,12.3,4.6,28.7,30.9,2.8,23.5,2.8
Mount Wellington South East,10.3,7.9,37.1,26.7,3.9,17.7,3.9
Mount Wellington South West,14.8,14.1,40.6,33.2,4.1,4.1,4.1
Mount Wellington West,11.7,9.2,31.5,33.4,3.5,17.0,3.5
Mountview,15.8,4.1,49.4,5.7,4.3,24.0,4.3
Moutere Hills,14.6,5.7,44.0,28.3,5.1,6.7,1.5
Mowhanau,14.9,6.1,51.7,29.2,2.1,4.3,2.1
Murchison-Nelson Lakes,16.0,0.0,20.0,28.0,10.0,26.0,0.0
Muriwai,9.1,9.1,37.1,54.1,2.9,2.9,2.9
Muriwai Valley-Bethells Beach,12.9,4.5,31.0,73.8,4.5,4.5,4.5
Murrays Bay East,6.1,10.1,28.8,22.6,1.9,33.7,1.9
Murrays Bay West,7.6,12.5,16.8,17.3,1.5,43.9,1.5
Murupara,11.1,1.8,20.5,7.1,1.8,61.1,1.8
Musselburgh,8.0,15.1,48.6,9.8,3.8,20.5,1.7
Myross Bush,5.2,9.3,45.4,39.3,1.2,1.2,1.2
Naenae Central,9.1,3.5,36.2,15.6,4.6,31.5,2.7
Naenae North,11.4,4.0,36.5,15.5,2.7,32.8,2.7
Naenae South,11.2,5.6,49.2,23.2,7.2,18.5,4.5
Napier Central,37.0,10.3,10.3,41.3,10.3,10.3,10.3
Narrow Neck,6.9,6.3,34.1,21.6,16.4,23.8,2.0
National Park,14.0,2.0,41.6,38.4,8.0,8.0,2.0
Nawton East,10.0,12.1,33.3,17.4,2.1,27.0,2.1
Nawton West,8.4,16.0,45.9,17.4,2.6,17.0,2.6
Nayland,7.8,8.5,27.1,4.3,17.4,37.6,1.1
Nelson Central-Trafalgar,9.1,12.2,8.7,11.3,2.8,71.9,2.8
Nelson Creek,25.9,2.1,2.1,69.8,2.1,2.1,2.1
Nelson Park,11.1,10.3,22.9,12.3,9.8,31.4,2.1
Nelson Rural,10.2,7.6,36.4,44.1,1.5,1.5,1.5
Netherby,10.5,3.8,48.0,9.2,2.3,35.3,2.3
New Brighton,10.0,15.3,29.5,25.3,6.4,12.3,5.1
New Lynn Central,26.4,10.2,10.2,40.8,10.2,10.2,10.2
New Lynn Central South,10.4,7.1,28.6,33.9,3.0,17.7,3.0
New Lynn North,10.3,14.7,44.5,30.2,4.6,15.1,4.6
New Lynn North West,9.8,8.0,36.8,37.1,4.2,10.8,4.2
New Lynn Seabrook,9.8,9.0,39.1,26.2,2.7,17.2,2.7
New Lynn South,7.0,8.6,38.4,24.0,2.2,20.2,2.8
New Plymouth Central,26.8,11.0,33.2,13.7,3.4,8.4,3.4
New Windsor North,6.4,11.7,36.2,30.2,2.9,13.9,2.9
New Windsor South,7.0,8.7,38.0,31.4,3.0,16.7,3.7
Newbury,13.3,10.4,50.9,20.8,3.6,15.3,3.6
Newfield,8.4,12.2,54.7,13.0,5.4,19.3,3.3
Newlands North,8.3,4.7,36.8,15.6,1.3,36.2,1.3
Newlands South,9.7,5.0,41.2,18.5,1.6,25.3,1.6
Newmarket,6.1,3.2,9.2,35.5,3.2,43.0,2.3
Newtons Road,8.7,12.4,42.6,37.6,2.6,2.6,2.6
Newtown North,10.9,3.9,7.2,31.2,2.2,44.1,2.2
Newtown South,9.4,4.4,15.0,32.2,5.7,31.3,2.0
Newtown West,12.1,2.7,2.7,26.4,2.6,51.2,3.2
Ngahinapouri,9.0,13.0,50.2,24.9,5.7,7.9,2.4
Ngaio North,11.9,7.0,35.2,26.0,5.6,21.2,5.6
Ngaio South,9.6,7.1,22.1,30.2,3.1,25.2,4.6
Ngakuru,12.3,7.2,32.4,50.0,2.7,2.7,2.7
Ngapara,8.9,4.7,22.7,63.8,1.6,1.6,1.6
Ngapuhi,16.6,6.6,40.5,45.6,2.3,2.3,2.3
Ngapuke,11.1,0.2,50.9,37.2,0.2,0.2,0.2
Ngapuna,11.1,11.1,100.0,44.4,11.1,11.1,11.1
Ngaruawahia Central,7.0,12.0,39.7,20.4,2.4,18.9,2.4
Ngaruawahia North,8.3,11.6,42.3,20.4,2.8,14.1,2.8
Ngaruawahia South,11.8,6.6,47.1,20.2,2.5,13.5,2.5
Ngatea,10.2,0.6,29.4,4.7,7.7,49.2,0.6
Ngaumutawa,12.7,7.8,75.4,13.0,3.2,7.4,3.2
Ngongotaha East,15.8,8.8,38.0,31.4,2.9,4.6,2.9
Ngongotaha South,15.9,6.0,37.2,47.0,6.0,6.0,6.0
Ngongotaha Valley,18.6,9.8,38.1,32.7,8.3,11.7,3.7
Ngongotaha West,19.2,3.0,41.2,28.1,3.0,13.7,3.0
Ngunguru,11.3,7.7,33.6,23.1,12.6,14.0,1.8
Nireaha-Eketahuna,11.7,1.6,19.0,59.5,4.4,4.4,1.6
Normanby,8.2,14.1,41.7,18.4,3.6,18.2,3.6
Normanby-Tawhiti,13.0,4.2,46.5,33.4,2.4,14.8,2.4
Normandale,12.7,6.3,38.9,25.9,2.5,21.3,2.5
Norsewood,14.8,0.4,31.7,49.8,0.4,2.6,0.4
North Beach,10.8,13.3,35.5,24.0,5.0,15.3,2.4
North Cape,12.4,0.7,22.9,56.9,0.7,5.8,0.7
North East Valley Chingford,6.2,18.2,14.3,13.1,5.7,42.6,1.3
North East Valley Knox,2.5,9.4,6.2,2.9,6.0,71.4,1.8
North Harbour,18.1,18.1,24.2,16.9,4.2,14.2,4.2
Northcote (Christchurch City),11.4,18.9,22.4,17.7,7.3,27.3,3.0
Northcote Central (Auckland),6.5,8.9,26.3,33.4,2.4,22.1,2.4
Northcote Point (Auckland),7.5,7.2,27.3,29.1,1.9,28.0,1.9
Northcote South (Auckland),8.7,9.3,20.1,33.2,2.2,28.4,2.2
Northcote Tuff Crater,7.3,12.0,27.0,36.1,3.1,19.1,3.1
Northcross,9.9,10.7,34.4,31.2,2.2,18.7,2.2
Northland (Wellington City),6.3,4.1,15.0,30.5,2.4,43.8,2.4
Northpark North,7.9,10.0,37.1,22.4,3.2,21.5,2.4
Northpark South,8.7,11.8,33.4,28.0,3.0,21.3,3.0
Northwood,5.9,16.6,56.4,16.5,7.9,4.5,2.6
Nukuhau-Rangatira Park,15.5,3.5,58.6,14.4,2.0,15.1,2.0
Oaklands East,10.2,12.0,33.0,22.7,4.6,19.9,2.2
Oaklands West,8.1,19.1,37.3,31.2,5.6,8.5,3.5
Oaklands-St Kilda,9.4,12.6,65.8,14.5,13.7,6.6,3.6
Oakleigh-Mangapai,13.9,6.0,29.1,50.0,1.5,3.6,1.5
Oakura,9.7,2.6,21.0,30.0,13.1,23.4,1.1
Oamaru Central,10.0,10.0,10.0,40.0,10.0,10.0,10.0
Oamaru Gardens,13.0,4.5,66.5,21.0,7.5,8.1,4.5
Oamaru North Milner Park,8.5,3.7,41.6,6.3,6.1,42.0,1.6
Oamaru North Orana Park,13.2,2.0,37.6,5.1,8.1,35.1,1.0
Ohaeawai-Waimate North,10.1,2.1,34.8,46.6,2.1,2.1,2.1
Ohai-Nightcaps,12.6,1.6,12.3,68.5,1.6,1.6,1.6
Ohakea-Sanson,18.2,6.9,37.4,31.2,2.1,7.5,2.1
Ohakune,20.2,1.4,44.4,5.4,4.7,22.5,1.4
Ohakuri,12.0,7.4,27.9,54.8,2.8,2.8,2.8
Ohangai,10.1,3.1,29.7,47.6,3.1,3.1,3.1
Ohau-Manakau,12.8,1.4,42.5,30.6,4.2,8.5,1.4
Ohauiti,9.8,13.2,46.7,35.8,4.5,2.8,2.8
Ohope,10.4,5.3,37.8,45.8,3.4,2.7,1.0
Okahukura Peninsula,18.1,1.0,32.4,48.3,1.0,1.0,1.0
Okaiawa,12.3,2.3,53.8,35.4,2.3,6.2,2.3
Okaihau,10.8,1.5,27.9,44.4,1.5,15.7,1.5
Okauia,11.2,8.0,30.8,61.7,3.2,3.2,3.2
Okuku,8.1,1.6,21.1,71.5,1.6,1.6,1.6
Okura Bush,7.2,7.5,33.7,47.9,3.5,3.5,3.5
Omahu-Pakowhai,17.5,13.3,38.8,24.0,5.0,5.0,5.0
Omahuta Forest-Horeke,15.8,1.8,22.0,62.4,1.8,1.8,1.8
Omaio,9.7,6.7,42.9,11.5,11.9,25.3,5.3
Omanu Beach,9.2,6.7,12.3,11.6,26.8,37.5,2.1
Omata,11.7,4.2,55.9,27.3,4.2,8.5,4.2
Omihi,17.6,4.6,24.2,47.0,4.6,10.8,4.6
Omokoroa,11.9,1.3,37.3,32.4,6.6,13.3,1.3
Omokoroa Rural,14.9,4.6,27.9,47.5,4.6,4.6,4.6
One Tree Hill,11.7,10.3,35.4,29.8,3.9,12.5,3.3
Onehunga Central,11.1,7.8,30.6,28.7,3.1,21.4,3.1
Onehunga North,11.9,8.1,45.7,35.9,4.4,11.7,4.4
Onehunga West,9.5,9.5,32.0,29.1,3.1,24.4,3.1
Onehunga-Te Papapa Industrial,22.7,18.5,22.7,55.4,6.0,6.0,6.0
Onekawa Central,16.1,7.7,43.0,11.6,8.2,19.9,2.9
Onekawa East,12.8,10.0,38.9,13.5,3.4,24.8,3.4
Onekawa South,11.1,8.5,45.2,16.0,7.1,15.9,2.4
Onepoto,8.3,7.6,49.7,27.5,5.1,12.1,3.6
Onepu Spring,7.3,1.6,48.4,43.7,1.6,1.6,1.6
Onerahi,11.7,9.5,33.5,30.2,2.2,16.9,2.2
Onerahi Park,13.1,9.4,44.0,28.7,2.7,11.6,2.7
Oneroa East-Palm Beach,12.3,5.0,51.4,38.0,7.7,5.0,5.0
Oneroa West,9.7,1.7,48.2,32.6,6.5,6.5,1.7
Onetangi,13.1,2.7,66.7,21.2,2.7,2.7,2.7
Onewhero,10.2,3.4,40.9,37.2,1.6,10.2,1.6
Onslow,10.0,4.9,29.9,31.1,2.5,26.7,2.5
Opaheke,13.2,3.9,31.0,13.7,1.9,42.4,1.9
Opaki,8.9,1.7,46.7,34.7,1.7,7.5,1.7
Opawa,6.7,9.6,18.8,21.2,21.6,21.6,3.3
Opoho,10.0,12.5,20.4,10.7,3.1,47.7,1.4
Oponae,31.7,6.3,6.3,65.1,6.3,6.3,6.3
Opotiki,8.3,6.9,29.6,18.1,5.2,32.8,0.9
Opua (Far North District),24.6,2.3,39.0,27.1,2.3,2.3,2.3
Opua (Mackenzie District),7.8,4.3,15.4,65.2,1.1,5.2,1.1
Opunake,9.0,0.9,38.8,3.4,0.9,46.3,0.9
Orakei East,8.6,8.4,42.4,27.9,2.6,11.5,2.6
Orakei West,8.4,5.8,35.1,31.1,3.5,13.8,2.3
Oranga,6.4,5.0,39.5,24.0,3.2,25.8,3.2
Oratia,8.5,5.7,40.1,51.4,2.9,2.9,2.9
Oreti River,8.8,6.0,31.3,47.9,1.4,3.2,1.4
Orewa Central,13.9,6.8,38.9,16.6,4.9,31.5,2.9
Orewa North,9.1,11.2,43.7,14.2,4.6,24.3,2.0
Orewa South,9.7,7.5,32.0,10.2,7.4,39.4,1.2
Oriental Bay,17.2,6.1,17.8,31.7,6.1,35.0,6.1
Ormiston East,13.7,5.1,41.5,28.9,5.1,20.0,5.1
Ormiston North,5.8,5.9,46.0,16.7,1.7,26.3,1.7
Ormiston South,6.2,12.7,42.4,18.7,2.9,23.1,1.8
Oroua Downs,15.8,5.2,9.4,73.2,5.2,9.4,5.2
Oruru-Parapara,19.6,3.9,18.2,70.1,3.9,3.9,3.9
Ostend,9.1,1.1,58.4,24.1,3.8,11.9,1.1
Otago Peninsula,16.0,11.0,46.5,28.9,5.9,5.9,5.9
Otahuhu Central,3.5,3.5,35.3,19.9,3.5,30.9,3.5
Otahuhu East,12.1,12.3,58.3,26.6,4.8,9.5,7.0
Otahuhu Industrial,100.0,11.1,11.1,44.4,11.1,11.1,11.1
Otahuhu North,8.2,7.9,35.5,21.3,2.5,26.9,2.5
Otahuhu South,7.8,8.4,26.1,23.4,2.1,32.0,3.4
Otahuhu South West,7.6,9.2,29.7,15.7,1.7,38.5,1.7
Otaihanga,16.1,11.6,62.5,29.7,16.5,7.4,7.4
Otaika-Portland,12.2,6.0,40.2,39.4,1.7,1.7,1.7
Otairi,19.0,2.1,14.3,43.5,4.7,14.2,2.1
Otaki,11.6,7.3,48.1,5.3,7.3,25.1,1.3
Otaki Beach,20.2,10.8,44.9,26.0,9.4,3.7,3.7
Otaki Forks,14.8,3.1,36.5,42.3,10.2,3.1,3.1
Otamatea (Kaipara District),19.8,1.0,24.4,54.2,1.0,1.0,1.0
Otamatea (Whanganui District),18.6,5.9,61.0,12.9,6.6,3.2,3.2
Otangarei,9.8,7.2,34.9,11.9,2.5,31.2,2.5
Otangiwai-Ohura,19.8,0.9,41.1,30.2,0.9,9.0,0.9
Otara Central,4.9,6.9,30.9,16.2,2.5,38.9,2.5
Otara East,8.5,13.0,31.4,15.4,2.1,33.1,2.1
Otara South,5.7,9.2,40.5,18.3,3.3,36.2,3.3
Otara West,6.7,7.4,26.3,14.1,2.8,39.9,2.8
Otara-Tirohanga,10.3,2.4,35.2,44.9,2.4,2.4,2.4
Otatara,9.4,10.1,46.2,29.5,3.7,2.9,0.6
Otautau,11.9,4.4,23.8,50.9,3.9,5.6,1.6
Otawa,12.0,7.8,42.0,42.3,2.9,2.9,2.9
Oteha East,8.0,13.2,26.7,30.0,1.2,21.5,1.2
Oteha West,6.8,12.8,29.3,29.7,2.3,24.1,2.3
Otorohanga,12.3,3.0,45.0,11.4,5.7,26.3,2.2
Otumoetai North,9.4,5.7,47.8,7.8,14.5,15.6,1.2
Otumoetai South,6.9,8.7,39.8,9.3,9.5,26.6,1.9
Outer Kaiti,6.0,11.6,41.5,24.3,1.4,16.5,2.8
Outer Wakatipu,16.5,2.1,45.0,46.2,2.1,2.1,2.1
Outer Wanaka,3.0,3.0,19.8,78.4,3.0,3.0,3.0
Owairaka East,7.2,10.4,25.7,26.5,3.0,28.7,3.0
Owairaka West,8.6,13.5,23.3,34.9,2.9,18.5,2.9
Owhanga,14.0,1.9,14.0,60.3,1.9,11.3,1.9
Owhata East,10.5,7.3,41.4,15.6,9.2,24.9,2.5
Owhata West,9.9,8.4,51.7,18.6,4.4,16.9,2.8
Owhiro Bay,10.8,4.8,35.0,29.8,5.9,14.8,2.3
Oxford,14.8,6.0,33.2,14.2,7.5,28.6,1.3
Oxford Estate,9.2,10.6,58.7,12.1,6.1,18.6,3.0
Pacific View,9.2,10.2,41.8,27.9,19.8,8.9,3.2
Paekakariki,14.8,2.6,18.5,20.9,17.6,27.3,2.6
Paekakariki Hill,15.0,5.6,40.7,32.4,5.6,5.6,5.6
Paeroa,14.1,1.3,36.5,21.2,4.5,23.7,1.3
Paeroa Rural,12.6,4.5,44.0,34.7,1.4,1.4,1.4
Pahiatua,10.0,3.3,32.8,3.3,4.7,49.1,0.8
Pahoia,9.7,6.3,43.1,43.3,1.3,2.9,1.3
Pahurehure,10.1,8.7,39.5,11.0,1.3,31.6,1.3
Paihia,18.6,2.4,25.5,51.7,2.4,15.9,2.4
Pakaraka,24.4,5.1,48.4,30.1,5.1,5.1,5.1
Pakuranga Central,12.0,8.7,39.0,24.1,2.8,22.9,2.8
Pakuranga Heights East,7.4,7.8,40.9,25.2,3.2,21.0,2.3
Pakuranga Heights North West,7.8,8.4,30.7,21.9,4.4,27.1,2.5
Pakuranga Heights South West,8.6,10.9,42.2,16.8,2.3,24.8,2.3
Pakuranga West,9.1,6.9,37.9,23.1,2.8,21.0,2.8
Palm Beach North,9.6,8.6,33.5,24.2,11.9,16.7,2.1
Palm Beach South-Gravatt,10.5,8.3,45.4,26.5,17.5,8.5,5.3
Palmerston,10.3,1.5,38.5,5.9,1.5,41.0,1.5
Palmerston North Airport,7.8,25.6,72.2,31.1,7.8,7.8,7.8
Palmerston North Central,9.8,23.0,3.3,36.7,4.4,21.6,1.3
Palmerston North Hospital,14.4,11.2,24.3,11.6,3.6,33.5,1.9
Panmure East,11.4,12.2,28.0,34.0,4.3,13.0,4.3
Papaioea North,7.9,10.9,23.6,20.0,2.6,35.6,2.6
Papaioea South,12.9,26.8,15.8,30.2,8.3,15.8,3.0
Papakowhai,10.0,6.2,37.6,14.2,2.9,26.3,2.9
Papakura Central,10.6,7.1,37.0,17.2,2.4,30.8,2.4
Papakura East,14.0,11.0,48.1,27.4,4.4,11.7,4.4
Papakura Kelvin,13.2,5.9,39.4,13.4,2.0,28.7,2.0
Papakura Massey Park,14.4,10.2,41.2,22.4,3.7,26.5,3.7
Papakura North,11.7,9.9,57.5,20.8,3.4,13.5,3.4
Papakura North East,13.8,5.8,40.7,20.1,2.5,20.2,2.5
Papakura West,14.5,7.4,44.4,28.2,3.8,9.8,3.8
Papamoa Beach North,10.0,7.4,28.4,19.1,16.6,20.3,4.1
Papamoa Beach South,9.1,7.9,31.4,11.2,22.8,19.3,2.9
Papanui East,8.0,12.8,23.9,15.3,12.9,26.2,5.2
Papanui North,12.4,14.6,31.1,22.3,3.8,23.4,3.8
Papanui West,8.5,12.9,29.7,15.6,14.0,16.6,5.6
Paparangi,11.3,3.1,22.8,17.6,2.1,45.2,2.1
Paparua,70.2,20.9,20.9,44.0,11.0,11.0,11.0
Papatawa,7.7,1.0,52.4,35.7,1.0,1.0,1.0
Papatoetoe Central,6.0,11.6,30.1,30.4,2.4,21.5,3.2
Papatoetoe East,7.6,10.6,24.9,21.0,1.9,34.4,1.9
Papatoetoe North,9.5,11.6,39.5,29.4,3.1,11.2,3.1
Papatoetoe South,6.0,11.6,20.2,22.1,2.6,34.9,2.6
Papatoetoe South West,6.7,11.9,40.3,23.6,2.4,14.0,2.4
Papatoetoe West,7.8,8.8,39.5,26.0,2.9,20.7,2.9
Paraite,13.3,5.2,39.2,43.2,5.2,5.2,5.2
Parakai,5.7,1.9,43.3,19.2,1.9,30.2,1.9
Paraonui,9.9,4.6,45.7,6.1,5.9,31.1,0.8
Paraparaumu Beach East,10.5,2.1,31.2,5.2,7.4,40.5,2.9
Paraparaumu Beach North,10.8,2.8,33.0,6.3,10.5,37.3,1.5
Paraparaumu Beach West,17.1,3.7,53.7,19.1,9.4,8.4,3.7
Paraparaumu Central,12.4,1.8,56.2,8.7,8.0,12.8,1.8
Paraparaumu East,10.6,4.3,50.9,16.6,7.5,15.3,2.7
Paraparaumu North,10.5,3.3,48.2,9.2,8.6,24.3,1.6
Paremata,12.7,7.0,39.7,26.0,3.5,14.7,3.5
Paremoremo East,15.6,11.6,33.7,40.0,2.4,4.6,2.4
Paremoremo West,12.5,5.1,40.0,50.3,5.1,5.1,5.1
Parewanui,13.3,3.2,46.3,39.1,3.2,3.2,3.2
Park West,17.6,12.3,41.9,30.8,8.4,9.9,6.2
Parkdale,15.3,4.2,63.9,16.7,4.2,4.2,4.2
Parkhaven,11.4,8.4,49.6,9.1,7.2,18.3,1.4
Parklands,7.3,11.1,41.0,28.3,6.2,16.7,2.5
Parkside,15.8,4.8,36.0,11.2,2.4,38.2,2.4
Parkvale,12.2,9.6,34.4,12.9,12.0,26.7,2.7
Parnassus,6.6,0.3,23.0,56.7,3.3,9.8,0.3
Parnell East,6.9,5.3,20.9,24.2,3.4,37.7,1.5
Parnell West,5.4,3.5,8.4,17.7,2.5,60.7,1.7
Parua Bay,12.6,8.5,45.3,33.6,2.0,9.7,2.0
Pataua,11.1,6.7,41.7,50.6,2.4,2.4,2.4
Patea,14.7,2.0,40.5,7.9,2.0,41.7,2.0
Patumahoe,9.7,6.9,43.2,34.0,2.4,10.4,2.4
Pauanui,13.7,5.9,5.9,69.7,5.9,5.9,5.9
Pauatahanui,9.6,2.6,54.1,36.4,2.6,2.6,2.6
Peachgrove,11.0,20.0,28.0,7.6,4.9,27.0,1.5
Peacockes,55.3,10.8,33.1,43.3,10.8,10.8,10.8
Pegasus,9.3,8.1,34.5,19.6,9.3,25.0,3.7
Pegasus Bay,16.0,8.3,49.3,49.9,8.3,8.3,8.3
Peka Peka,9.9,3.6,58.3,38.9,3.6,3.6,3.6
Pekerau,10.2,10.3,39.7,20.6,3.9,17.9,1.5
Pembroke,11.7,5.2,45.1,35.4,2.0,5.2,2.0
Pencarrow,20.5,6.3,50.7,43.7,6.3,6.3,6.3
Penrose,5.1,5.1,23.9,37.9,5.1,17.6,5.1
Peria,17.6,3.6,27.2,60.4,3.6,3.6,3.6
Petone Central,14.3,4.8,36.6,23.3,4.8,23.9,4.8
Petone East,11.7,4.4,30.7,21.4,4.8,26.9,3.8
Petone Esplanade,14.5,3.8,38.7,25.8,3.8,17.4,2.5
Phillipstown,11.1,18.4,27.9,16.4,6.5,26.4,1.9
Piha,16.5,4.6,24.8,64.8,4.6,4.6,4.6
Pihauatua,14.9,12.9,45.6,33.5,3.8,3.8,3.8
Pine Hill-Dalmore,5.5,13.2,44.0,16.9,2.9,21.8,3.4
Pinehaven,8.8,3.1,36.5,26.3,3.9,21.2,2.1
Pinehill,5.5,13.1,32.8,30.5,1.7,20.0,1.7
Pioneer West,28.4,10.7,46.2,42.7,10.7,10.7,10.7
Pipitea-Kaiwharawhara,11.8,2.1,8.9,24.1,2.1,52.8,2.1
Pirimai East,8.1,9.2,48.8,16.5,6.3,12.3,2.2
Pirimai West,16.3,13.3,50.0,25.4,5.0,10.3,5.0
Pirongia,9.6,7.0,36.5,23.7,9.6,14.3,1.6
Pirongia Forest,9.4,3.2,40.7,37.0,3.2,3.2,3.2
Playford Park,8.8,2.6,42.6,15.5,6.3,26.9,2.6
Pleasant Heights,11.6,12.6,51.9,7.6,1.9,15.8,1.9
Pleasant Point,12.6,2.4,34.0,26.0,11.3,18.0,2.4
Plimmerton,8.0,7.4,30.3,23.3,5.8,23.1,3.6
Poets Block,10.5,4.6,37.4,11.2,2.8,34.6,2.8
Pohangina-Apiti,14.5,6.7,29.0,54.1,2.6,2.6,2.6
Pohara-Abel Tasman,14.5,3.0,29.9,40.7,10.8,0.6,0.6
Poike,6.8,7.2,35.3,20.6,3.1,24.0,3.1
Point Chevalier East,5.3,5.6,22.3,24.4,9.4,34.0,1.6
Point Chevalier West,4.2,6.1,22.6,24.7,16.0,25.9,1.7
Point England,7.9,9.6,25.3,19.4,2.0,36.6,2.0
Pokeno,16.2,7.8,48.5,24.4,5.6,12.1,2.5
Pokeno Rural,11.8,7.9,54.8,46.8,5.6,5.6,5.6
Pokuru,14.1,5.6,41.1,41.9,1.4,1.4,1.4
Pomare,8.8,8.6,58.9,12.2,2.6,14.8,2.6
Pongakawa,8.1,6.2,29.7,52.0,3.0,5.3,0.9
Ponsonby East,9.5,4.4,19.2,22.9,1.6,40.8,1.6
Ponsonby West,6.5,5.0,21.7,29.8,2.3,36.0,2.3
Poraiti Flat,15.2,16.8,54.3,34.3,7.1,7.1,7.1
Poraiti Hills,17.9,9.4,52.1,10.3,2.6,20.5,2.6
Porirua Central,60.0,4.4,4.4,17.8,4.4,4.4,4.4
Porirua East,10.5,8.6,46.1,10.8,2.3,23.1,2.3
Porritt,8.5,14.5,28.9,18.5,2.9,27.2,2.9
Port Chalmers,9.9,11.4,36.3,24.9,2.5,24.0,2.5
Port Waikato-Waikaretu,4.2,4.2,4.2,74.7,4.2,4.2,4.2
Postgate,11.6,6.1,44.2,21.9,4.5,13.7,2.4
Poukawa,14.6,8.5,40.9,34.5,3.7,3.7,3.7
Poutoa,8.4,13.9,43.6,14.1,5.4,25.6,2.3
Prebbleton,7.1,10.4,36.9,28.6,10.0,12.3,3.1
Prestons,10.3,14.3,39.0,18.5,13.6,13.4,5.3
Prestonville-Grasmere,7.3,9.8,60.3,8.4,9.6,7.0,1.6
Puhinui East,7.7,11.7,36.1,22.6,2.2,20.9,2.2
Puhinui North,9.5,8.0,28.2,23.8,2.2,29.1,2.2
Puhinui South,9.8,13.0,46.1,23.2,3.2,16.4,3.2
Puhoi Valley,10.7,5.3,34.5,47.5,1.8,1.8,1.8
Pukehangi North,9.7,10.3,56.7,15.1,4.9,14.0,3.1
Pukehangi South,15.4,9.8,67.9,18.0,5.9,4.5,4.5
Pukehina Beach,11.6,2.0,12.3,78.7,2.0,2.0,2.0
Pukekawa,12.0,1.0,34.2,49.9,1.0,1.0,1.0
Pukekohe Central,6.5,6.5,28.7,25.9,6.5,44.4,6.5
Pukekohe Hospital,11.4,4.0,44.9,11.5,1.7,29.6,1.7
Pukekohe North West,12.5,6.9,47.0,13.6,2.3,21.3,2.3
Pukekohe West,10.5,6.6,48.6,9.4,1.7,27.2,1.7
Pukemoremore,6.9,11.5,46.9,33.0,1.7,4.6,1.7
Pukenui,11.9,11.2,44.9,32.0,2.8,11.9,2.8
Pukerimu,25.7,15.1,49.9,43.4,8.0,8.0,8.0
Pukerua Bay,12.0,7.3,33.7,20.8,10.5,22.6,4.5
Puketapu-Eskdale,11.1,7.8,39.1,36.2,2.0,3.9,2.0
Pukete East,10.1,12.1,43.0,18.9,3.9,11.5,2.0
Pukete West,6.8,12.0,30.6,19.6,1.6,29.0,1.6
Puketitiri-Tutira,9.1,3.3,28.2,47.1,1.2,12.3,1.2
Puketona-Waitangi,14.1,2.1,49.0,43.0,2.1,2.1,2.1
Puketotara,12.0,4.4,39.9,40.7,1.6,1.6,1.6
Puni,9.3,4.9,54.0,31.0,1.4,1.4,1.4
Puniu,15.8,5.7,19.0,59.8,1.5,1.5,1.5
Putararu,12.4,5.5,36.5,20.1,2.7,25.0,1.6
Putararu Rural,10.7,8.2,29.5,52.8,1.6,2.9,1.6
Putiki,18.5,2.4,62.5,9.5,2.4,2.4,2.4
Pyes Pa East,15.8,4.3,25.4,60.7,4.3,4.3,4.3
Pyes Pa North,8.8,9.2,48.1,25.6,5.3,5.0,1.0
Pyes Pa South,9.0,4.3,42.3,22.3,4.9,18.3,1.6
Pyes Pa West,11.0,8.5,59.2,26.0,2.8,2.8,2.8
Quail Rise,5.1,5.1,48.0,39.4,0.8,0.8,0.8
Quay Street-Customs Street,11.0,5.8,7.1,26.5,3.3,51.7,3.3
Queen Street,17.7,1.7,1.7,9.1,1.7,70.9,1.7
Queen Street South West,9.4,1.7,1.7,11.0,1.7,78.7,1.7
Queens Square,13.8,11.2,35.7,11.4,8.3,23.6,2.8
Queenspark,7.9,12.2,28.2,23.4,5.0,28.2,2.2
Queenstown Central,21.1,2.3,25.0,9.4,2.3,37.5,2.3
Queenstown East,22.8,3.6,24.8,25.5,3.6,16.2,3.6
Queenwood (Hamilton City),9.8,19.6,41.7,17.8,6.1,9.2,2.6
Queenwood (Horowhenua District),14.6,2.9,34.7,11.5,5.2,30.5,2.9
Raceway Park,11.7,10.7,46.8,19.7,3.9,15.6,3.9
Raetihi,9.9,2.0,27.5,31.6,6.4,25.7,2.0
Raglan,13.1,5.7,38.4,13.2,8.5,18.3,2.7
Rakaia,13.8,0.8,29.5,34.6,3.7,19.6,0.8
Ramanui,17.3,1.5,46.6,6.1,1.5,25.4,1.5
Ramarama,10.0,7.9,54.6,35.8,4.1,4.1,4.1
Randwick Park East,9.3,10.9,27.7,14.9,2.5,38.5,2.5
Randwick Park West,7.0,7.7,33.3,16.3,2.6,41.3,2.6
Rangataiki,100.0,11.1,11.1,44.4,11.1,11.1,11.1
Rangaunu Harbour,16.3,3.0,29.5,50.2,1.4,1.4,1.4
Rangiora North East,15.4,10.3,34.4,4.4,1.1,33.3,1.1
Rangiora North West,12.8,11.6,51.3,10.2,9.1,16.7,2.5
Rangiora South East,13.8,7.7,50.1,8.8,2.2,23.3,2.2
Rangiora South West,10.8,9.1,46.2,10.7,6.9,20.7,2.2
Rangiriri,23.6,3.0,44.4,33.7,3.0,12.3,3.0
Rangitane-Purerua,13.6,1.3,43.2,45.5,1.3,1.3,1.3
Rangitata,10.1,1.2,38.2,44.7,1.2,3.3,1.2
Rangitihi,18.9,4.3,26.8,48.5,0.5,0.5,0.5
Rangiuru,9.8,9.7,28.5,56.1,1.6,1.6,1.6
Ranui Domain,10.4,9.1,51.9,28.5,4.7,14.7,4.7
Ranui Heights,12.0,10.1,65.7,26.7,6.7,12.1,6.7
Ranui North,9.3,8.8,49.8,21.3,3.3,15.9,3.3
Ranui South East,8.1,10.5,48.4,32.1,4.1,8.9,4.1
Ranui South West,10.5,6.3,54.1,28.3,4.1,7.9,4.1
Raumanga,11.7,12.0,52.5,13.7,1.6,13.2,2.4
Raumati Beach East,10.1,1.3,25.1,5.3,9.0,47.8,1.3
Raumati Beach West,10.7,2.3,24.0,5.4,9.6,50.7,1.4
Raumati South,11.6,3.6,30.5,3.2,14.6,37.2,0.8
Raureka,11.4,11.3,35.7,8.2,8.0,27.1,2.1
Ravensbourne-St Leonards,13.0,17.5,42.4,16.3,4.5,9.4,3.2
Rawhiti,13.1,13.6,37.3,25.0,7.9,14.6,3.7
Red Beach East,9.5,9.4,32.8,24.9,8.0,22.5,1.8
Red Beach West,8.9,8.6,44.8,21.4,8.2,14.0,2.8
Red Hill,10.9,7.4,49.0,22.0,4.5,25.7,4.5
Redcastle,10.5,10.7,48.8,24.2,4.2,14.9,5.8
Redcliffs,12.6,19.4,23.5,42.3,3.8,3.8,3.8
Redwood East,8.9,15.6,36.0,19.9,12.4,15.0,2.6
Redwood North,7.8,13.6,37.7,23.4,13.7,13.7,4.0
Redwood West,10.1,14.4,33.9,16.9,8.8,24.4,3.6
Redwoodtown East,11.9,7.6,52.7,14.5,9.8,17.7,3.1
Redwoodtown West,16.8,3.5,43.1,9.9,14.6,19.0,1.9
Reefton,17.1,0.5,14.3,1.9,14.3,51.4,0.5
Regents Park,11.2,23.2,41.6,28.5,19.9,6.6,6.6
Remuera Abbotts Park,8.5,5.8,41.0,38.5,2.3,8.3,2.3
Remuera East,5.4,7.3,27.6,39.2,2.7,22.0,2.7
Remuera North,4.9,8.6,36.1,37.6,1.5,13.4,1.5
Remuera South,4.8,6.0,25.4,43.2,1.6,20.5,1.6
Remuera Waiata,5.3,6.8,41.0,36.2,1.4,10.8,1.4
Remuera Waiatarua,8.5,7.4,37.3,39.8,3.5,11.3,3.5
Remuera Waitaramoa,4.8,8.8,36.3,26.7,0.7,22.9,0.7
Remuera West,4.8,4.2,42.4,23.5,1.5,22.4,2.7
Renwick,8.9,5.5,34.2,18.3,10.8,24.3,0.6
Resthill,11.5,16.5,40.7,18.0,2.1,11.3,2.1
Riccarton East,10.6,27.6,9.2,18.3,21.9,16.8,3.5
Riccarton Racecourse,10.1,24.4,39.6,30.6,5.1,5.1,5.1
Riccarton South,5.2,24.2,10.7,15.5,18.5,23.3,2.6
Riccarton West,4.6,24.6,6.9,10.3,14.1,37.6,2.0
Richmond (Invercargill City),10.6,12.0,51.5,7.6,7.1,17.2,2.7
Richmond Central (Tasman District),7.2,6.3,17.7,6.6,5.2,56.0,1.0
Richmond Downs-Wardville,8.5,5.2,30.5,56.2,2.1,2.1,2.1
Richmond Heights,11.2,2.2,59.1,10.9,4.5,14.7,1.0
Richmond North (Christchurch City),8.3,16.8,28.5,13.2,3.2,31.0,1.7
Richmond South (Christchurch City),18.9,26.3,18.9,28.4,7.1,14.5,4.1
Richmond South (Tasman District),13.8,9.5,45.8,28.1,16.7,4.6,4.6
Richmond West (Tasman District),21.2,4.3,26.9,17.0,4.3,41.2,4.3
Riverdale,9.3,12.4,44.7,14.6,3.6,20.9,3.6
Riverhead,11.2,7.2,37.4,24.4,5.5,18.1,3.2
Riverlands,2.9,2.9,53.6,25.3,9.6,2.9,2.9
Riverlea,5.6,13.8,23.5,6.4,8.9,42.6,1.1
Riversdale-Islington,15.2,7.9,59.8,11.1,10.9,11.9,2.8
Riversdale-Piano Flat,7.6,8.8,20.6,58.2,1.2,11.5,1.2
Riverside,15.0,14.4,56.7,14.9,2.8,6.6,2.8
Riverstone Terraces,15.0,5.9,57.4,27.7,5.9,12.6,5.9
Riverton,12.9,8.6,34.4,29.8,3.0,14.5,3.0
Riverview,8.5,1.0,58.5,18.6,5.4,8.5,1.0
Rolleston Central,7.5,7.8,34.0,20.7,10.0,19.5,4.0
Rolleston North East,10.5,8.2,40.5,20.7,8.3,16.1,3.3
Rolleston North West,9.5,7.6,44.4,15.2,8.7,13.9,3.5
Rolleston South East,11.4,11.3,45.0,15.4,10.8,14.8,2.1
Rolleston South West,5.5,7.9,33.4,21.7,13.9,18.9,3.6
Rongomai East,7.9,6.5,33.8,17.7,3.3,35.7,3.3
Rongomai West,3.6,9.5,29.8,16.1,3.6,36.9,3.6
Rooseville Park,10.3,6.8,42.6,10.9,2.3,37.1,2.3
Rosa Birch Park,9.1,3.6,31.8,8.6,1.6,45.9,1.6
Rosedale,9.4,7.8,35.0,7.1,5.7,35.0,1.4
Rosehill,7.8,7.8,35.1,15.3,1.7,34.1,1.7
Roseneath,11.7,2.9,23.7,34.2,4.5,20.1,2.9
Roseneath-Sawyers Bay,10.6,10.4,38.8,24.2,5.6,20.6,2.9
Roslyn (Dunedin City),7.1,12.5,24.9,6.3,0.4,50.2,0.4
Roslyn (Palmerston North City),14.4,14.7,32.9,17.0,2.5,26.5,2.5
Rothesay Bay,7.5,12.3,32.1,26.6,1.5,22.9,1.5
Rotoiti-Rotoehu,17.2,13.6,54.6,30.2,3.8,3.8,3.8
Rotokauri,15.9,19.4,54.3,22.1,4.8,10.3,4.8
Rotokauri-Waiwhakareke,22.3,23.6,45.4,36.7,9.2,9.2,9.2
Rotongata,11.0,1.8,11.0,70.7,1.8,1.8,1.8
Rotoorangi,12.2,4.8,43.8,41.8,2.8,2.8,2.8
Rotorua Central,1.1,31.1,1.1,24.4,1.1,40.0,1.1
Rototuna Central,6.8,14.2,39.2,11.5,17.4,13.7,2.0
Rototuna North,2.4,11.6,17.2,9.7,17.9,45.3,2.4
Rototuna South,7.2,15.3,44.1,12.6,13.7,10.2,2.0
Rowandale East,7.8,8.6,31.3,15.2,2.5,36.8,2.5
Rowandale West,8.1,9.2,27.7,16.4,2.8,41.8,2.8
Royal Heights North,13.3,12.5,45.1,21.3,3.2,8.2,3.2
Royal Heights South,9.2,13.6,43.3,27.7,3.1,15.3,3.1
Royal Oak (Palmerston North City),9.5,9.4,62.9,17.6,6.7,4.3,2.9
Royal Oak East (Auckland),7.7,8.3,21.9,34.2,2.6,29.4,2.6
Royal Oak West (Auckland),7.8,5.8,28.4,34.3,2.4,20.9,2.4
Royal Terrace,2.4,4.3,0.4,1.5,1.3,89.2,0.9
Ruahine,12.6,9.6,34.3,17.7,10.4,13.2,2.1
Ruakaka,10.8,5.1,27.8,42.3,1.7,17.6,1.7
Ruakura,4.3,7.9,5.2,5.9,1.2,79.4,1.2
Ruamahanga,9.2,13.7,41.4,11.5,8.4,19.1,1.4
Ruatoria-Raukumara,7.7,1.8,25.4,50.8,1.8,19.0,1.8
Ruawai-Matakohe,11.5,1.1,32.1,48.5,1.1,9.4,1.1
Ruby Bay-Mapua,11.7,3.4,28.9,29.6,16.1,11.1,3.0
Runanga,14.1,7.6,34.8,35.5,1.3,11.9,1.3
Russell,22.8,1.4,22.8,16.1,1.4,34.0,1.4
Russell Forest-Rawhiti,13.8,4.9,11.6,65.8,4.9,4.9,4.9
Russell Peninsula,20.2,4.0,40.4,59.6,4.0,4.0,4.0
Russley,7.8,11.3,37.7,14.7,12.6,23.4,3.7
Rutherford,7.4,4.7,9.3,4.4,6.5,66.9,0.7
Rutherglen-Camerons,9.0,6.6,49.4,30.2,1.8,6.4,1.8
Rutland,6.2,12.7,25.0,9.2,20.9,21.7,5.3
Saddle Hill-Chain Hills,11.4,17.4,57.5,15.8,4.0,4.0,4.0
Saint Andrews East,11.7,21.1,46.6,23.5,4.1,5.8,4.1
Saint Andrews West,9.2,15.1,47.1,22.9,2.7,6.3,2.7
Saint Heliers North,5.2,6.1,33.8,22.6,2.3,30.0,1.3
Saint Heliers South,7.5,7.7,36.0,28.1,2.7,30.9,2.7
Saint Heliers West,5.1,7.2,35.0,29.0,1.6,21.5,1.6
Saint Johns East,9.8,5.4,50.5,27.0,2.2,8.8,2.2
Saint Johns West,6.9,4.8,39.1,43.5,3.2,7.2,2.4
Saint Marys Bay,8.3,5.4,13.9,34.1,2.3,34.8,2.3
Sandon,13.8,9.5,60.5,12.1,4.0,8.0,2.6
Sandringham Central,6.6,7.9,15.4,22.2,1.6,46.4,1.6
Sandringham East,7.4,6.7,23.3,30.2,4.8,33.6,3.4
Sandringham North,5.4,6.8,17.7,23.7,3.5,40.9,2.1
Sandringham West,8.2,9.2,31.2,26.1,2.5,23.8,2.5
Sandspit,13.0,7.4,35.5,45.7,3.2,3.2,3.2
Schnapper Rock,6.2,17.1,45.5,27.7,3.1,9.8,2.3
Seatoun,6.2,4.2,23.5,28.1,10.1,25.5,3.5
Seaview,12.1,6.3,39.3,8.8,3.8,27.5,2.2
Seddon Park,8.6,8.5,38.3,8.1,3.3,41.9,2.0
Selwyn Heights,14.6,3.1,25.7,12.4,3.1,42.0,3.1
Shannon,18.6,3.1,21.6,42.6,3.1,18.6,3.1
Shelly Park,7.7,8.8,25.2,15.5,1.8,45.5,1.8
Sherenden-Crownthorpe,11.4,2.5,35.6,47.8,2.5,5.2,2.5
Sherwin Park,12.2,2.4,51.2,15.3,2.4,18.4,2.4
Sherwood Rise,13.6,8.5,43.6,26.5,1.6,7.0,1.6
Shiel Hill,6.4,13.2,53.0,14.8,2.4,14.2,2.4
Shirley East,11.6,18.2,39.2,24.2,9.1,8.5,4.2
Shirley West,8.2,14.9,40.8,20.1,6.1,18.6,2.8
Shortland Street,13.2,6.9,2.4,15.6,2.4,68.1,2.4
Shotover Country,12.9,4.6,24.7,14.4,14.5,28.3,0.6
Silverdale (Hamilton City),5.1,12.9,19.3,7.3,2.9,51.6,0.9
Silverdale South (Auckland),10.3,4.7,30.1,51.7,1.3,1.3,1.3
Silverstream (Upper Hutt City),10.5,3.5,39.1,23.5,7.3,16.3,3.2
Silverstream (Waimakariri District),34.4,6.3,14.8,25.4,6.3,6.3,6.3
Snells Beach,11.7,4.4,30.8,34.1,4.8,14.2,0.5
Sockburn North,4.6,25.8,24.9,11.3,7.6,26.4,1.9
Sockburn South,10.0,10.0,10.0,40.0,10.0,10.0,10.0
Solway North,11.3,6.1,54.6,10.2,3.8,18.4,2.2
Solway South,11.3,4.5,55.0,5.3,4.9,22.0,1.1
Somerfield East,8.9,8.3,18.9,9.9,17.0,37.0,1.5
Somerfield West,6.8,15.5,32.4,15.1,11.4,26.2,2.4
Somerville,5.4,10.0,36.9,23.3,1.8,28.5,1.8
South Head,9.1,7.6,43.0,39.4,1.2,3.0,1.2
South Hill,9.8,1.7,37.3,9.1,5.4,37.1,1.7
South New Brighton,8.9,15.9,34.0,24.1,7.4,16.0,2.4
Southbridge,7.5,7.2,23.9,48.3,2.8,10.4,1.1
Southbrook,8.8,8.9,28.6,11.9,3.0,44.4,3.0
Southgate,7.3,6.2,32.5,38.7,3.5,12.7,3.5
Sovereign Palms,9.9,14.1,38.4,16.2,6.7,17.5,4.5
Spotswood,17.6,5.0,40.0,6.9,7.5,23.7,1.0
Spreydon North,10.4,13.2,31.1,13.2,12.6,25.1,1.9
Spreydon South,11.2,13.4,23.8,12.7,5.9,33.6,2.0
Spreydon West,12.1,17.1,33.6,14.4,11.9,19.9,2.4
Spring Creek-Grovetown,17.0,1.8,30.4,28.0,8.3,21.3,1.8
Springfield North,13.3,10.7,35.4,14.4,3.6,30.0,3.6
Springfield South,11.5,10.3,49.3,12.3,8.0,14.0,2.7
Springlands,10.4,8.2,31.7,5.0,19.0,28.0,2.2
Springston,7.7,12.2,26.5,33.3,3.1,18.0,1.5
Springvale East,16.6,4.9,44.1,9.6,4.9,24.1,2.4
Springvale North,6.1,6.1,76.9,24.4,6.1,20.5,6.1
Springvale West,14.1,7.5,59.3,17.5,6.9,18.4,4.4
St Albans East,14.8,26.0,22.4,20.5,3.2,9.9,3.2
St Albans North,11.0,19.9,14.2,13.4,15.1,22.8,3.5
St Albans West,12.3,18.1,23.4,15.5,15.2,15.3,2.1
St Clair,5.2,15.6,40.0,8.9,9.3,23.6,1.6
St James,9.4,12.3,41.3,18.1,15.2,11.4,3.8
St Johns Hill East,16.3,9.1,51.9,18.6,4.7,9.1,4.7
St Johns Hill West,12.1,5.7,37.9,7.1,10.8,29.0,1.8
St Kilda North,7.6,13.4,39.7,13.8,6.1,26.0,1.6
St Kilda South,7.8,16.5,32.5,9.7,6.1,30.6,1.2
St Leger,23.7,5.2,60.6,28.1,5.2,5.2,5.2
St Leonards,13.8,10.4,39.6,13.9,5.9,17.5,2.1
St Lukes,9.8,9.9,13.9,34.5,2.4,27.8,2.4
St Martins,8.2,10.4,23.8,16.2,17.8,22.9,3.6
Stanley Park,7.8,8.2,43.2,10.5,2.0,34.1,2.0
Stanley Point,7.6,5.2,18.2,43.2,3.0,23.2,1.0
Stanmore Bay East,11.2,5.6,39.2,16.4,2.2,30.2,2.2
Stanmore Bay West,11.5,3.9,39.1,20.0,3.4,30.2,2.3
Starvation Hill-Cust,13.4,7.0,41.6,32.6,2.9,4.3,0.9
Stewart Island,14.7,1.3,34.7,5.3,28.0,14.7,1.3
Stokes Valley Central,13.8,6.0,42.3,29.9,3.2,7.6,3.2
Stokes Valley North,13.8,7.6,33.9,33.7,3.2,11.8,3.2
Stonefields East,6.2,7.4,32.8,24.8,2.8,30.9,2.8
Stonefields West,6.2,6.2,39.1,23.1,6.3,25.4,2.7
Strandon,14.9,5.8,32.4,7.8,12.1,28.9,1.3
Stratford Central,16.8,4.7,45.4,8.1,2.0,25.4,3.4
Stratford North,14.4,3.9,57.5,6.4,3.9,13.8,3.0
Stratford South,12.9,4.7,58.9,8.2,2.1,19.8,2.1
Strath Taieri,2.2,2.2,2.2,74.3,2.2,14.7,2.2
Strathern,10.3,13.9,45.5,11.6,6.9,19.3,2.9
Strathmore (South Waikato District),9.5,6.3,51.7,9.9,1.8,26.1,1.8
Strathmore (Wellington City),8.3,4.8,38.1,37.6,5.2,13.4,2.9
Strowan,6.1,11.0,19.0,7.4,25.2,28.3,5.1
Styx,16.5,18.1,45.1,23.4,4.0,4.0,4.0
Suffolk,10.0,10.6,50.0,13.9,14.0,9.4,3.5
Summerland North,6.7,8.4,27.0,23.7,2.1,31.8,2.1
Summerland South,6.2,10.9,47.2,26.9,2.7,9.7,2.7
Sumner,7.9,9.0,22.7,24.2,9.5,26.7,3.2
Sunkist Bay,6.5,3.0,22.8,40.4,10.8,23.9,1.8
Sunnybrook,9.2,9.0,56.5,20.8,4.2,11.9,4.2
Sunnyhills East,5.0,3.8,23.5,18.8,2.6,47.5,1.2
Sunnyhills West-Pakuranga North,6.1,7.6,24.5,23.5,2.9,37.7,2.2
Sunnynook North,7.3,7.0,27.3,37.3,1.9,21.5,1.1
Sunnynook South,6.2,7.3,28.2,45.6,1.2,14.6,1.2
Sunnyvale East,10.6,9.3,40.1,27.7,2.8,12.9,2.8
Sunnyvale West-Parrs Park,9.4,13.8,38.6,36.4,4.5,4.5,4.5
Sunshine Bay-Fernhill,16.1,10.4,41.6,32.0,2.1,11.4,2.1
Surfdale,8.6,0.7,44.8,13.3,7.6,27.4,0.7
Sutton Park,7.9,8.9,32.9,17.8,2.7,34.7,2.7
Swannanoa-Eyreton,12.2,16.2,31.1,51.9,4.8,4.8,4.8
Swanson,12.5,5.5,45.9,30.7,3.8,16.4,3.8
Swanson Rural,16.0,7.4,51.6,38.2,5.0,5.0,5.0
Swarbrick,9.6,27.6,23.8,16.3,2.6,23.6,2.6
Sydenham North,11.0,20.5,22.1,18.7,5.5,22.0,2.4
Sydenham South,12.8,18.7,27.8,16.0,13.3,19.7,2.8
Sydenham West,12.7,31.5,13.1,22.1,4.1,21.9,4.1
Sylvia Park,10.0,10.0,10.0,40.0,10.0,10.0,10.0
Symonds Street East,4.2,0.6,0.6,5.9,0.6,90.1,0.6
Symonds Street North West,4.9,0.7,0.7,5.9,0.7,87.6,0.7
Symonds Street West,7.4,1.4,1.4,8.7,1.4,83.6,1.4
Taemaro-Oruaiti,22.6,1.3,33.7,38.3,1.3,1.3,1.3
Tahawai,10.8,7.4,39.7,49.4,1.2,1.2,1.2
Tahuna Hills,12.5,12.1,45.7,17.7,12.4,11.9,4.1
Tahuna-Mangateparu,10.6,5.2,26.2,59.4,1.8,1.8,1.8
Tahunanui,13.4,10.0,23.9,10.7,12.3,29.4,1.8
Tahuroa,9.0,11.2,39.5,40.3,1.3,1.3,1.3
Tai Tapu,6.8,8.6,31.7,27.6,5.7,27.3,2.5
Taieri,6.8,11.9,53.0,28.1,2.4,2.4,2.4
Taihape,9.7,1.0,43.8,18.6,1.0,24.8,1.0
Taikorea,12.7,2.1,29.6,49.5,2.1,2.1,2.1
Tainui,10.3,12.0,38.8,14.3,4.3,24.3,2.0
Tairua,13.5,1.0,40.3,20.8,18.8,9.9,1.0
Taita North,9.2,5.3,43.6,23.5,3.9,21.3,3.9
Taita South,14.0,6.0,47.8,19.6,3.9,20.8,3.9
Taitoko,12.5,1.5,37.1,12.2,1.5,38.8,1.5
Takaka,15.7,0.6,33.8,5.4,17.3,26.5,0.6
Takaka Hills,20.6,5.6,34.5,38.2,1.8,1.8,1.8
Takanini Central,2.4,14.5,38.4,37.4,2.4,2.4,2.4
Takanini North,13.3,7.8,43.4,17.7,3.9,23.6,3.9
Takanini South,11.0,15.9,38.9,26.4,2.6,12.3,2.6
Takanini South East,8.3,7.9,28.0,17.2,3.0,37.9,3.0
Takanini West,12.0,7.8,34.3,25.2,2.6,18.7,2.6
Takapu-Horokiwi,6.3,6.3,31.7,65.1,6.3,6.3,6.3
Takapuna Central,12.3,14.1,18.7,35.1,6.1,19.2,2.8
Takapuna South,4.6,4.5,20.0,28.2,10.3,30.1,2.2
Takapuna West,7.3,7.2,20.3,26.1,5.6,32.2,1.2
Takaro North,14.1,16.7,33.5,17.0,3.3,20.3,2.4
Takaro South,14.8,15.4,32.6,21.1,5.4,13.9,2.6
Tamahere North,5.4,14.9,53.1,22.0,4.1,3.6,1.5
Tamahere South,7.2,14.5,57.5,26.1,2.4,2.4,2.4
Tamakae,10.2,4.5,42.3,9.7,3.6,32.1,1.6
Tamaki,8.2,8.6,38.5,33.6,3.3,16.9,3.3
Tamarau,8.9,13.3,44.2,28.0,3.3,10.0,3.3
Tamatea East,13.4,7.6,34.0,25.1,7.1,19.4,3.2
Tamatea North,15.1,5.6,41.7,16.5,4.8,16.3,2.5
Tamatea West,12.1,8.8,45.9,24.4,9.5,15.8,4.2
Tangiwai,13.2,1.6,35.0,42.8,1.6,1.6,4.2
Tangonge,10.1,6.7,38.9,46.4,1.1,1.1,1.1
Taonui,11.4,4.9,44.3,32.5,2.8,10.3,2.8
Taradale Central,12.1,6.3,35.4,13.3,8.1,27.8,1.8
Taradale South,10.2,6.6,32.8,12.3,5.5,30.6,3.4
Taradale West,9.4,6.9,43.7,24.4,8.3,14.5,2.7
Tararua,15.0,5.5,53.8,29.0,5.5,5.5,5.5
Tarata,7.9,0.8,38.6,52.8,0.8,0.8,0.8
Tarawera Park,12.4,4.4,26.0,20.9,1.4,36.5,1.4
Tareha Reserve,11.5,7.4,23.0,13.6,6.8,44.5,1.8
Tarewa,8.9,7.7,50.7,11.2,2.3,19.3,2.3
Tatuanui,9.8,10.3,35.6,50.0,3.1,3.1,3.1
Tauhara,14.1,4.9,53.4,10.1,6.2,24.2,2.5
Tauherenikau,10.7,3.5,49.4,41.2,6.8,3.5,3.5
Taumarumaru,18.8,2.7,29.5,48.0,2.7,11.6,2.7
Taumarunui Central,14.5,1.7,25.9,41.7,1.7,12.8,1.7
Taumarunui East,9.5,1.9,35.4,50.8,1.9,7.9,1.9
Taumarunui North,12.3,1.0,33.6,34.0,1.0,17.2,1.0
Taungatara,9.3,1.4,31.3,56.0,1.4,1.4,1.4
Taupaki,11.7,9.8,42.9,30.6,2.9,7.9,2.9
Taupiri-Lake Kainui,13.2,13.1,47.1,31.4,3.9,5.4,3.9
Taupo Central East,12.1,3.9,42.8,7.1,1.3,33.4,1.3
Taupo Central West,29.4,8.1,30.4,32.6,8.1,8.1,8.1
Tauranga Central,20.9,3.3,27.9,18.6,5.9,26.2,3.3
Tauranga Hospital,10.5,13.8,33.7,9.0,2.2,32.1,2.2
Tauranga South,10.5,11.3,30.9,12.3,6.0,31.0,2.0
Taurekaitai,8.6,2.0,28.4,49.6,4.0,5.4,2.0
Tauriko,7.0,7.0,7.0,57.8,7.0,7.0,7.0
Tawa Central,11.0,5.4,29.3,10.9,4.6,39.7,2.7
Tawa North,8.1,4.5,36.7,10.6,2.5,38.2,2.5
Tawa South,9.5,6.2,31.3,9.5,6.2,37.2,3.3
Tawharanui Peninsula,8.6,1.9,25.3,73.4,1.9,1.9,1.9
Te Akau,17.6,2.2,23.2,49.2,2.2,6.3,2.2
Te Anau,8.3,1.8,36.7,0.7,34.9,17.4,0.2
Te Arai,10.4,13.4,43.3,24.1,3.0,3.0,3.0
Te Aroha East,12.3,3.2,54.1,10.5,7.4,11.0,1.6
Te Aroha West,12.1,10.4,34.6,11.6,6.7,41.8,2.9
Te Atatu Peninsula Central,12.2,5.5,27.8,11.5,6.1,35.5,1.3
Te Atatu Peninsula East,7.2,7.5,38.8,18.3,5.4,22.3,1.8
Te Atatu Peninsula North West,7.3,7.4,41.0,10.5,7.8,26.4,1.1
Te Atatu Peninsula West,7.9,7.3,33.1,11.9,7.7,35.4,1.7
Te Atatu South-Central,8.3,11.6,30.6,23.2,3.3,27.5,2.8
Te Atatu South-Edmonton,8.6,8.5,32.4,21.8,2.6,31.8,2.6
Te Atatu South-McLeod North,8.3,13.1,29.8,22.1,2.2,26.1,2.2
Te Atatu South-McLeod South,9.3,11.6,22.8,28.9,2.3,26.4,2.3
Te Awamutu Central,5.0,5.0,22.0,19.9,5.0,56.4,5.0
Te Awamutu North,12.9,10.8,51.3,14.6,3.6,17.2,3.6
Te Awamutu Stadium,8.6,6.8,33.7,24.5,2.0,27.5,2.0
Te Awamutu West,14.2,4.9,43.6,27.9,4.9,14.8,4.9
Te Hapara East,14.4,9.2,35.2,8.8,2.2,28.0,2.2
Te Hapara North,14.0,7.6,44.7,11.4,4.3,28.1,2.8
Te Hapara South,12.2,12.7,50.5,11.9,3.0,20.5,3.0
Te Horo,16.5,2.3,43.9,30.7,2.3,6.9,2.3
Te Kauwhata,9.8,0.5,31.0,1.9,7.4,51.5,0.5
Te Kawa,18.8,4.8,26.4,51.6,1.2,1.2,1.2
Te Kowhai,10.1,9.3,56.9,25.9,3.0,7.9,3.0
Te Kuiti East,9.9,5.5,50.5,8.1,1.5,23.0,1.5
Te Kuiti West,11.8,4.0,37.3,13.8,1.9,34.2,1.9
Te Kuru,9.9,4.9,50.0,35.6,2.6,4.9,2.6
Te Manatu,7.9,17.8,46.0,11.5,11.0,11.1,1.5
Te Marua,14.6,2.9,37.4,28.9,2.9,16.6,2.9
Te Mata Hills,10.6,8.2,79.5,20.4,5.1,5.1,5.1
Te Maunga North,16.8,11.4,34.6,12.5,13.5,15.6,2.0
Te Maunga South,12.2,10.8,45.2,18.8,18.4,2.5,2.5
Te Pahu,16.9,8.0,44.3,33.0,1.8,1.8,1.8
Te Papapa,12.6,6.8,39.7,27.1,3.1,12.4,3.1
Te Poi,16.1,5.7,51.1,33.3,1.5,1.5,1.5
Te Puke East,9.1,7.6,35.2,11.4,3.9,34.5,0.8
Te Puke West,10.1,5.8,30.9,20.6,3.1,31.3,2.5
Te Puna,9.4,7.9,41.7,38.6,4.1,3.2,1.4
Te Puru,7.8,5.8,41.5,36.8,10.3,10.2,2.7
Te Rahu,9.7,11.4,50.6,37.8,4.1,4.1,4.1
Te Reti,11.5,4.9,59.0,19.8,3.6,5.8,3.6
Te Roti-Moeroa,18.1,6.8,58.9,41.5,6.8,6.8,6.8
Te Teko Lakes,8.9,6.8,33.5,38.6,3.1,11.2,3.1
Te Uku,11.6,7.0,37.8,38.5,3.2,2.2,2.2
Teddington,34.2,7.6,7.6,58.0,7.6,7.6,7.6
Temple View,9.6,12.9,38.0,43.3,3.3,6.3,3.3
Templemore,8.6,6.6,17.5,6.2,5.6,52.8,2.7
Templeton,10.0,10.2,19.0,20.1,6.7,31.4,2.6
Temuka East,8.2,3.9,30.5,13.9,11.4,28.2,3.9
Temuka West,11.8,5.8,45.1,18.6,10.7,17.0,2.2
Terrace End,11.4,14.0,37.0,16.6,5.4,19.3,2.0
Teviot Valley,16.2,0.7,19.8,37.7,5.3,19.5,0.7
Thames Central,21.7,0.5,43.5,2.2,0.5,31.0,0.5
Thames Coast,22.0,3.7,33.7,37.8,0.4,5.4,0.4
Thames North,16.5,1.0,42.3,9.4,1.0,28.8,1.0
Thames South,12.1,4.3,46.3,14.6,3.6,32.5,2.3
The Brook,9.5,7.2,32.8,11.2,14.4,21.7,3.2
The Gardens (Auckland),6.7,7.3,29.7,27.0,2.6,28.8,2.6
The Strand,11.9,3.0,3.0,18.1,3.0,68.1,3.0
The Wood,7.9,7.0,29.4,11.0,18.0,28.0,1.8
Thorndon,13.1,3.2,5.7,22.4,2.1,55.3,2.1
Thornton-Awakeri,7.2,2.6,53.6,33.7,1.0,1.0,1.0
Three Kings East,14.2,7.1,19.3,36.3,3.2,16.8,3.2
Three Kings West,7.9,6.6,35.9,28.1,2.7,21.8,2.7
Tihiotonga-Whakarewarewa,17.2,13.2,46.7,26.8,6.7,6.7,6.7
Tikipunga North,11.6,9.3,55.1,17.0,3.5,19.9,3.5
Tikipunga South,11.1,9.4,59.9,16.1,2.7,8.9,2.7
Tikorangi,13.4,5.3,35.3,38.0,2.2,7.8,2.2
Timaru Central,10.3,10.3,35.7,41.3,10.3,10.3,10.3
Timaru East,7.0,7.0,7.0,28.1,7.0,36.7,7.0
Tindalls-Matakatia,11.9,12.1,43.9,41.2,3.7,3.7,3.7
Tinwald North,13.2,7.4,54.4,31.0,3.7,3.7,3.7
Tinwald South,8.0,4.8,45.0,32.0,1.1,11.0,1.1
Tirau,10.8,3.3,38.1,44.2,1.8,4.9,1.8
Tirohanga,9.2,7.5,44.4,23.7,3.6,18.5,3.6
Titahi Bay North,11.0,9.6,39.3,21.1,5.9,14.8,2.1
Titahi Bay South,10.9,8.0,34.8,19.3,6.0,23.1,2.0
Titirangi South,7.5,8.5,49.1,29.8,2.7,11.7,2.7
Titoki,15.3,4.7,49.2,11.2,4.1,17.7,2.8
Toi Toi,11.5,9.5,35.9,8.5,9.5,29.6,2.1
Tokanui,23.8,7.7,7.7,56.0,7.7,7.7,7.7
Toko,9.4,4.7,54.7,25.2,1.2,3.5,1.2
Tokomaru,13.2,3.5,23.9,45.0,3.5,7.3,3.5
Tokorangi,13.0,7.7,40.7,42.0,3.6,8.9,3.6
Tokoroa Central,17.0,8.7,19.4,16.2,4.1,30.6,4.1
Tomoana,10.0,10.0,10.0,40.0,10.0,10.0,10.0
Tomoana Crossing,10.2,9.9,49.9,10.9,8.2,15.2,1.9
Torbay,7.2,10.7,37.7,26.9,1.6,22.0,1.6
Torlesse,8.2,3.9,29.7,47.7,1.2,8.2,1.2
Totara Heights,10.2,16.3,46.3,32.4,4.3,14.2,4.3
Totara Park,10.7,3.9,39.5,25.2,4.9,20.0,2.2
Totara Vale North,9.2,10.4,25.8,46.5,2.8,13.4,2.8
Totara Vale South,11.3,11.5,34.3,35.0,2.8,8.4,2.8
Totora-Kopu,13.1,3.1,42.4,42.2,3.1,3.1,3.1
Travis Wetlands,11.6,12.8,31.3,17.1,13.4,16.0,3.0
Tremaine,3.9,20.9,14.4,15.7,3.9,37.3,3.9
Trentham North,15.8,3.0,33.8,17.0,4.1,27.9,3.0
Trentham South,51.9,2.6,27.2,10.4,2.6,2.6,2.6
Trents,12.6,13.3,47.7,20.5,6.2,5.4,2.6
Trident,11.6,2.8,28.9,7.6,7.8,40.1,1.1
Tuahiwi,11.2,13.1,44.8,35.6,4.8,4.8,4.8
Tuakau North,11.7,3.4,52.1,20.6,1.8,15.6,1.8
Tuakau Rural,9.6,4.9,63.1,36.0,4.9,4.9,4.9
Tuakau South,12.4,4.1,42.0,27.1,4.1,36.8,4.1
Tuamarina,14.7,2.0,31.4,51.6,2.0,2.0,2.0
Tuapeka,8.7,3.7,28.7,42.3,0.7,15.3,0.7
Tui Ridge,15.3,5.7,37.0,45.5,2.1,2.1,2.1
Turakina,18.9,5.8,32.7,35.2,2.5,2.5,2.5
Turanga,8.0,11.9,49.7,34.2,2.9,2.9,2.9
Turangi,11.7,2.2,30.0,19.8,4.0,34.3,0.8
Turitea,2.7,9.8,1.8,7.5,0.7,76.8,0.7
Turnbull Thompson Park,9.9,11.8,46.0,7.8,9.7,25.8,1.9
Turuturu,11.6,4.7,55.3,5.4,1.3,20.4,1.3
Tuscany Heights,12.2,14.0,51.5,44.4,6.6,6.6,6.6
Twizel,13.8,0.9,20.0,8.9,33.8,21.5,0.9
Twyford,13.2,5.4,68.8,21.5,5.4,5.4,5.4
Unsworth Heights East,8.7,12.2,31.4,47.0,2.6,2.6,2.6
Unsworth Heights West,6.7,12.3,37.8,44.1,2.5,5.9,2.5
Upper Aramoho,19.3,4.5,46.1,15.7,10.2,5.6,2.8
Upper Clutha Valley,8.3,0.6,34.6,41.8,13.4,0.6,0.6
Upper Hurunui,9.8,0.7,25.5,49.2,5.8,8.3,0.7
Upper Hutt Central,16.4,5.3,64.9,21.3,5.3,5.3,5.3
Upper Moutere,13.5,4.2,20.5,59.0,1.8,1.8,1.8
Upper Plain,13.9,4.0,54.7,22.0,1.8,1.8,1.8
Upper Riccarton,4.9,31.4,8.6,7.2,11.0,37.7,3.1
Upper Vogeltown,13.4,7.2,49.0,8.9,11.4,14.0,1.8
Upper Wairau,14.1,3.4,31.8,49.6,1.7,4.1,1.7
Upper Whanganui,22.4,3.2,48.0,26.9,3.2,3.2,3.2
Utuhina,12.2,12.3,24.2,14.8,3.7,41.3,3.7
Victoria,8.9,13.7,26.0,29.3,3.4,25.1,3.4
Victoria Park,9.9,5.0,2.4,12.3,2.4,76.9,2.4
Victory,10.8,7.4,15.2,7.9,7.3,53.0,1.5
Vipond,12.6,7.6,53.3,28.0,2.2,2.2,2.2
Vivian East,11.0,1.9,1.9,18.1,1.9,64.7,1.9
Vivian West,4.4,0.9,0.9,14.1,0.9,79.7,1.4
Wadestown,6.8,4.6,17.7,36.7,1.5,37.4,1.5
Waerenga,20.3,2.8,34.1,49.9,2.8,2.8,2.8
Waharoa-Peria,9.0,2.0,43.5,38.8,2.0,6.8,2.0
Waiake,7.4,10.3,34.6,29.0,1.7,19.6,1.7
Waianiwa,9.8,8.7,16.5,56.4,2.9,2.9,2.9
Waiatarua,11.5,6.1,49.9,37.3,3.5,3.5,3.5
Waiau,5.1,5.1,25.9,81.9,5.1,5.1,5.1
Waiheke East,10.2,2.4,64.3,31.0,2.4,2.4,2.4
Waihemo,13.3,0.8,25.2,50.2,0.8,9.1,0.8
Waihi Beach-Bowentown,14.3,0.8,29.2,41.9,7.6,6.5,0.8
Waihi East,10.3,2.5,45.1,10.1,11.7,22.7,2.5
Waihi North,17.0,2.9,33.3,11.4,4.9,42.8,2.9
Waihi Rural,13.2,1.4,43.8,42.9,1.4,1.4,1.4
Waihi South,12.6,2.6,46.2,6.7,8.1,23.3,0.6
Waihou-Manawaru,7.9,4.4,38.8,46.3,1.9,1.9,1.9
Waikaka,7.3,4.5,23.0,66.3,1.6,1.6,1.6
Waikanae Beach,12.9,2.8,45.2,26.0,13.4,1.6,1.6
Waikanae East,11.8,3.1,33.8,22.6,3.1,23.9,1.6
Waikanae Park,14.3,3.1,39.9,24.6,20.0,9.8,3.1
Waikanae West,9.3,2.3,35.0,19.1,14.1,19.1,1.1
Waikawa (Horowhenua District),27.8,6.6,24.6,45.0,6.6,6.6,6.6
Waikawa (Marlborough District),9.6,1.3,31.1,5.0,18.3,33.5,1.3
Waikouaiti,10.1,5.6,34.1,34.3,1.8,12.3,1.8
Waikoukou Valley,8.5,7.8,45.1,47.3,3.4,3.4,3.4
Waikowhai North,8.7,6.8,34.7,29.2,3.1,24.1,4.2
Waikowhai South,11.8,14.9,33.2,35.2,4.0,8.8,4.0
Waikuku,15.4,11.1,31.4,55.0,3.9,3.9,3.9
Waima Forest,16.1,2.3,17.1,57.4,2.3,2.3,2.3
Waima-Woodlands Park,7.9,8.6,43.2,31.0,2.3,11.4,1.3
Waimairi Beach,11.1,15.0,52.9,30.1,5.6,5.6,5.6
Waimataitai-Maori Hill,11.2,5.4,42.9,9.3,2.3,28.7,2.3
Waimate East,12.3,1.4,30.3,13.9,6.9,39.4,1.4
Waimate North,6.6,6.6,23.6,26.4,6.6,23.6,6.6
Waimate West,14.7,1.2,39.3,8.5,5.1,35.8,1.2
Waimauku,9.4,9.2,25.3,29.8,2.6,31.5,2.6
Waimea West,16.6,8.8,17.7,54.9,2.1,2.1,2.1
Waimumu-Kaiwera,7.5,8.2,30.4,59.9,2.3,2.3,2.3
Waingarara-Waimana,6.2,7.3,25.3,58.0,1.5,3.3,1.5
Wainoni,10.9,16.8,45.2,21.3,5.8,13.0,3.3
Wainui,10.6,2.8,30.4,41.2,2.8,12.0,2.8
Wainui-Okitu,12.0,6.0,37.9,29.7,10.3,7.7,1.7
Wainui-Waiwera,11.5,9.4,42.8,45.6,3.6,3.6,3.6
Wainuiomata Central,12.0,2.9,35.5,24.0,2.9,26.0,2.9
Wainuiomata West,9.9,7.3,38.8,16.6,2.7,28.1,1.8
Waiohewa,15.4,7.4,51.8,37.7,4.2,4.2,4.2
Waiopehu,10.0,3.0,43.1,16.1,3.0,35.0,3.0
Waiorohi,15.8,10.2,29.2,45.3,1.2,3.3,1.2
Waiotahi,12.8,2.2,31.5,46.9,2.2,2.2,2.2
Waiouru,21.5,1.9,28.1,21.5,12.6,21.5,1.9
Waipa Valley,10.3,1.5,29.2,52.4,1.5,9.6,1.5
Waipahihi,15.7,3.0,55.8,17.0,9.9,12.9,3.0
Waipaoa,17.7,8.2,39.1,30.7,3.0,10.1,3.0
Waipapa,13.5,2.4,49.3,44.4,2.4,2.4,2.4
Waipatukahu,13.4,16.1,41.1,44.4,4.1,4.1,4.1
Waipawa,17.0,5.0,31.7,32.9,5.0,12.0,2.4
Waipoua Forest,23.4,2.0,23.4,45.1,2.0,2.0,2.0
Waipu,12.7,4.4,30.0,50.9,1.3,4.8,1.3
Waipukurau East,10.6,7.0,40.2,9.5,1.1,36.5,1.1
Waipukurau West,12.2,2.9,36.4,7.9,2.9,40.3,1.6
Wairakei,8.6,3.0,44.5,7.2,31.4,4.6,3.1
Wairakei-Broadlands,9.2,4.7,26.4,39.4,1.8,16.7,1.8
Wairoa,15.9,2.8,37.8,9.2,3.4,30.4,0.6
Waitaha,12.3,2.6,12.3,50.0,17.5,2.6,2.6
Waitahanui,18.7,3.0,41.0,28.2,3.0,3.0,3.0
Waitahora,14.7,4.2,19.0,75.8,4.2,4.2,4.2
Waitakere,9.5,4.5,47.5,27.8,5.5,9.5,1.5
Waitakere Ranges North,8.4,7.1,30.0,53.4,2.6,2.6,2.6
Waitakere Ranges South,18.3,10.5,24.1,59.4,4.2,4.2,4.2
Waitangirua,4.3,8.3,47.2,15.8,1.6,25.9,1.6
Waitara East,8.9,4.7,39.0,18.7,3.7,28.5,1.8
Waitara West,8.5,3.4,49.1,21.4,4.2,16.8,1.3
Waitarere,14.2,4.6,40.4,46.5,2.5,2.5,2.5
Waitikiri,9.7,14.2,45.0,20.1,9.6,5.8,3.1
Waitoa-Ngarua,8.5,3.2,28.6,54.0,3.2,3.2,3.2
Waitohi (Marlborough District),9.7,2.3,49.1,7.4,8.6,23.9,0.7
Waitohi (Timaru District),13.6,2.2,25.6,55.2,2.2,2.2,2.2
Waitohu,15.5,5.9,30.5,3.7,13.0,30.5,0.9
Waitoki,8.4,8.5,38.9,38.3,2.0,2.0,2.0
Waiuku Central,12.8,1.5,41.3,6.1,1.5,35.2,1.5
Waiuku East,10.3,0.7,46.2,2.7,7.3,35.1,0.7
Waiwhetu,10.1,7.2,32.0,12.5,9.1,31.0,2.5
Wakari,6.4,13.7,44.4,11.2,1.3,24.7,1.3
Wakatipu Basin,10.3,3.9,50.7,47.4,3.9,3.9,3.9
Wakefield,13.1,6.8,31.9,34.8,7.6,13.1,1.4
Wakefield Rural,15.3,5.9,28.7,49.3,1.8,1.8,1.8
Waldronville,12.7,17.6,76.4,32.4,7.5,7.5,7.5
Wallacetown,12.5,12.8,26.8,50.0,7.9,12.5,3.4
Wallaceville,12.0,2.8,35.7,11.3,2.8,35.1,2.8
Waltham,10.6,18.2,28.1,17.6,1.7,26.0,1.7
Wanaka Central,15.0,1.0,39.0,18.3,17.7,7.9,1.0
Wanaka North,14.1,3.1,38.4,1.5,25.0,20.9,0.4
Wanaka Waterfront,15.8,5.9,41.8,10.0,25.5,18.1,2.5
Wanaka West,16.6,6.0,42.3,34.2,12.8,2.2,2.2
Warkworth East,11.4,5.4,48.0,6.5,1.2,28.9,1.2
Warkworth West,9.8,3.6,33.3,9.2,1.3,44.3,1.3
Warren Park,20.8,3.1,17.8,24.1,3.1,46.1,3.1
Warwick,20.4,2.2,33.4,8.6,2.2,34.2,2.2
Washdyke,4.5,4.5,60.9,17.9,4.5,9.1,4.5
Washington,10.2,10.3,40.4,11.5,9.4,21.9,1.8
Waterloo East,8.5,5.9,35.8,16.0,8.8,33.2,3.7
Waterloo West,9.0,5.0,19.4,9.4,6.0,48.9,2.4
Waterview,11.7,9.0,24.2,27.7,6.5,25.1,2.6
Watlington,10.8,4.0,47.3,10.7,1.6,26.5,1.6
Wattle Downs East,10.5,12.1,49.2,27.7,4.0,9.2,4.0
Wattle Downs North,8.3,6.9,44.1,12.7,2.3,28.1,2.3
Wattle Downs West,9.4,9.0,37.3,26.8,5.5,19.5,3.1
Waverley,10.6,15.1,45.8,11.1,1.7,18.2,1.7
Welbourn,12.3,6.4,33.0,7.5,6.9,37.2,4.0
Welcome Bay East,14.6,8.0,36.6,30.7,6.5,12.4,3.4
Welcome Bay South,10.3,12.5,45.6,24.5,3.8,5.5,1.7
Welcome Bay West,11.1,9.1,32.9,25.3,6.0,18.5,2.0
Wellington Botanic Gardens,4.5,2.4,4.0,9.7,2.4,88.5,2.4
Wellington Central,4.4,0.5,0.5,6.9,0.5,88.1,0.5
Wellington University,3.6,1.2,1.2,6.5,1.2,90.7,1.2
Wellsford,7.4,1.5,57.6,12.2,1.5,23.7,1.5
Wembley Park,14.4,7.0,44.6,23.1,8.0,7.2,4.4
Wesley East,6.8,2.6,33.8,33.7,2.6,22.6,4.3
Wesley West,6.7,9.1,35.9,30.7,3.1,21.1,3.1
West End,10.8,20.2,19.9,23.9,6.4,19.7,1.6
West Eyreton,14.4,8.8,38.8,33.3,2.7,2.7,2.7
West Harbour Clearwater Cove,5.4,13.2,35.7,25.8,5.1,17.2,1.4
West Harbour Luckens Point,6.9,13.7,30.6,30.8,3.5,17.8,2.5
West Harbour West,9.2,9.4,42.3,25.0,2.7,16.9,2.7
West Lynn,7.6,5.7,43.4,24.8,2.9,23.9,2.9
West Melton,7.9,8.9,41.5,16.2,15.7,15.0,2.0
West Otago,8.0,7.8,19.0,47.0,4.5,16.8,0.4
West Plains-Makarewa,8.2,11.4,50.6,40.9,3.7,3.7,3.7
Westbrook,14.0,11.9,47.7,12.9,4.4,10.2,1.7
Western Heights (Auckland),6.9,10.6,46.6,24.9,2.2,13.1,2.2
Western Heights (Hamilton City),10.0,17.7,54.6,32.1,5.8,9.2,5.8
Western Heights (Rotorua District),6.9,9.3,47.0,14.5,3.6,32.8,3.6
Westgate South,12.1,12.9,41.7,25.0,4.0,21.9,4.0
Westlake,6.1,7.8,13.7,21.9,5.9,48.3,2.3
Westland Glaciers-Bruce Bay,20.8,0.0,54.2,12.5,12.5,0.0,0.0
Westmere North,5.2,5.3,25.5,28.6,5.2,33.6,2.2
Westmere South-Western Springs,4.7,6.0,22.9,23.3,4.7,38.9,1.4
Westmorland,8.9,18.4,51.7,21.5,14.1,6.3,4.4
Weston,9.3,5.0,31.5,31.7,5.4,20.8,1.9
Westown,13.3,6.1,48.6,15.5,6.1,15.8,1.9
Westport North,11.8,2.4,44.7,1.9,9.4,29.4,0.5
Westport Rural,9.9,1.9,51.7,39.6,1.9,1.9,1.9
Westport South,14.8,3.8,51.3,2.8,10.3,16.2,0.7
Westshore,14.8,16.3,35.7,39.3,5.4,12.4,5.4
Weymouth East,7.7,9.0,43.6,20.1,2.7,20.8,2.7
Weymouth North,8.2,7.4,51.7,19.1,2.4,13.8,2.4
Weymouth South,10.3,9.7,38.8,23.4,3.3,18.4,3.3
Whakaki,15.9,3.2,42.5,57.5,3.2,3.2,3.2
Whakapaku,17.2,1.1,17.2,64.5,1.1,1.1,1.1
Whakarara,12.6,0.9,24.6,53.4,0.9,8.6,0.9
Whakarongo,17.5,18.8,58.1,25.6,5.5,5.5,5.5
Whakatane Central,9.6,6.0,44.4,5.5,9.5,25.2,1.1
Whakatane West,8.9,4.7,42.9,9.2,5.4,28.0,1.0
Whalers Gate,15.4,8.5,60.2,26.5,8.1,9.4,5.2
Whangamata,11.6,0.6,45.6,12.5,10.9,16.5,2.3
Whangamata Rural,3.1,3.1,33.8,50.8,3.1,3.1,3.1
Whangamomona,4.4,4.4,4.4,73.3,4.4,4.4,4.4
Whanganui Central,32.0,3.5,24.8,13.8,3.5,30.7,3.5
Whanganui East-Riverlands,18.1,3.3,46.5,13.1,8.8,23.7,3.3
Whanganui East-Williams Domain,15.1,6.1,39.0,12.0,4.5,23.5,3.0
Whangaparoa Central,9.5,7.8,53.7,18.1,1.9,11.3,1.9
Whangarei Central,15.6,3.7,22.5,14.6,3.7,48.9,3.7
Whangaruru,16.3,5.3,26.7,49.7,2.1,4.6,2.1
Whareama,13.4,3.0,26.5,51.3,3.0,3.0,3.0
Wharekaka,10.8,9.5,34.0,33.0,3.1,22.1,3.1
Wharenui,5.3,14.4,11.0,5.6,14.1,49.6,2.7
Wharewaka,22.9,11.0,79.1,44.0,11.0,11.0,11.0
Whataroa-Harihari,16.7,0.0,23.3,56.7,0.0,6.7,0.0
Whataupoko East,12.0,8.3,54.4,17.5,6.2,9.0,2.8
Whataupoko West,16.0,10.2,32.9,16.6,5.6,23.0,2.5
Whatawhata East,12.1,11.1,55.8,25.7,3.0,5.3,3.0
Whatawhata West,15.0,5.6,40.6,32.4,5.6,5.6,5.6
Whau Valley,11.7,11.4,51.1,13.3,3.8,17.1,2.4
Whenuapai,17.1,13.0,32.3,34.0,2.2,7.4,2.2
Whitby,9.7,6.5,34.0,25.2,5.1,22.6,2.4
Whitestone,15.2,3.4,25.5,59.0,3.4,3.4,3.4
Whitianga North,12.6,4.1,52.2,26.2,1.6,1.6,1.6
Whitianga South,11.2,0.8,32.8,8.4,13.0,34.7,0.8
Whitikahu,11.7,10.6,38.4,40.2,2.4,2.4,2.4
Whitiora,12.6,28.9,12.4,19.9,2.7,20.8,2.7
Whitney East,15.6,4.7,41.9,7.5,11.5,20.0,1.9
Whitney West,14.7,5.2,32.2,8.5,13.9,29.9,2.1
Wigram East,14.7,50.2,14.7,23.1,5.8,5.8,5.8
Wigram North,3.1,48.5,12.4,26.8,3.1,3.1,3.1
Wigram South,12.7,35.4,32.1,27.6,5.3,5.3,5.3
Wigram West,9.6,27.2,40.7,29.6,5.6,5.6,5.6
Wilkes Park,11.3,10.4,33.5,10.1,11.9,34.0,2.5
Wilton,6.8,1.8,26.4,39.7,3.6,21.6,3.1
Winchmore-Wakanui,9.6,6.0,39.9,50.0,2.5,2.5,2.5
Windsor,12.3,11.9,42.6,4.1,4.9,26.8,1.0
Windsor Park,5.7,6.5,35.3,17.9,1.6,31.4,1.6
Wingatui,10.5,14.5,34.5,35.8,4.0,4.0,4.0
Winton,7.3,7.2,35.7,2.5,9.0,37.6,0.6
Wiri East,7.5,7.8,36.5,17.5,2.5,28.2,2.5
Wiri West,68.9,1.9,9.0,7.6,1.9,16.9,1.9
Witherlea East,8.1,6.0,44.4,22.7,10.6,15.1,3.6
Witherlea West,14.7,4.0,47.0,19.5,15.7,5.8,1.6
Woburn,11.8,6.4,34.2,18.0,4.5,32.8,4.5
Woodbourne,15.2,4.1,58.6,22.2,6.3,7.7,2.7
Woodend,8.7,9.8,28.5,30.5,6.5,19.3,1.7
Woodend-Greenhills,13.8,17.7,35.1,36.7,6.6,6.6,6.6
Woodhill-Vinetown,13.7,15.7,49.3,11.6,2.6,14.3,2.6
Woodlands,12.1,2.7,45.5,37.2,2.7,2.7,2.7
Woodridge,8.5,2.5,56.5,22.2,2.5,15.0,2.5
Woodville,16.3,5.8,23.2,41.9,5.9,16.3,3.5
Woolston East,13.6,14.3,35.0,27.0,2.7,14.2,2.7
Woolston North,10.5,14.2,27.2,19.9,4.9,26.7,3.0
Woolston South,8.8,8.8,41.1,35.2,8.8,24.9,8.8
Woolston West,11.7,19.0,26.1,18.4,14.0,16.0,3.8
Wyndham-Catlins,6.8,5.2,13.7,51.4,1.1,20.7,1.1
Wynyard-Viaduct,30.2,4.8,4.8,19.0,4.8,60.3,4.8
Yaldhurst,10.8,21.1,59.1,19.2,4.3,7.7,4.3
Yatton Park,9.8,13.6,31.4,9.8,5.8,27.8,1.8
Yelverton,11.4,5.1,35.5,7.4,21.0,22.6,1.9